# ************************************************************
# Sequel Pro SQL dump
# Version 4541
#
# http://www.sequelpro.com/
# https://github.com/sequelpro/sequelpro
#
# Host: 194.59.165.27 (MySQL 5.7.29-0ubuntu0.18.04.1)
# Database: absensi_jokam
# Generation Time: 2020-03-19 04:21:59 +0000
# ************************************************************


/*!40101 SET @OLD_CHARACTER_SET_CLIENT=@@CHARACTER_SET_CLIENT */;
/*!40101 SET @OLD_CHARACTER_SET_RESULTS=@@CHARACTER_SET_RESULTS */;
/*!40101 SET @OLD_COLLATION_CONNECTION=@@COLLATION_CONNECTION */;
/*!40101 SET NAMES utf8 */;
/*!40014 SET @OLD_FOREIGN_KEY_CHECKS=@@FOREIGN_KEY_CHECKS, FOREIGN_KEY_CHECKS=0 */;
/*!40101 SET @OLD_SQL_MODE=@@SQL_MODE, SQL_MODE='NO_AUTO_VALUE_ON_ZERO' */;
/*!40111 SET @OLD_SQL_NOTES=@@SQL_NOTES, SQL_NOTES=0 */;


# Dump of table audience
# ------------------------------------------------------------

DROP TABLE IF EXISTS `audience`;

CREATE TABLE `audience` (
  `id` int(10) NOT NULL AUTO_INCREMENT,
  `user_id` int(10) NOT NULL,
  `name` varchar(50) NOT NULL,
  PRIMARY KEY (`id`)
) ENGINE=InnoDB DEFAULT CHARSET=latin1;

LOCK TABLES `audience` WRITE;
/*!40000 ALTER TABLE `audience` DISABLE KEYS */;

INSERT INTO `audience` (`id`, `user_id`, `name`)
VALUES
	(1,1,'ADAM MALIK'),
	(2,1,'AZKA MAULANA'),
	(3,1,'EMIR OTHMAN JORDAN'),
	(4,1,'FARIZ ABDURROHMAN'),
	(5,1,'GINA FAHMI LATIFA'),
	(6,1,'M DAWAM HIDAYATULLAH'),
	(7,1,'M IQBAL HUSAIN'),
	(8,1,'M ISNAN RASYID'),
	(9,1,'MEILDA INDAH NUR RIZKI'),
	(10,1,'MIRNA NUR FADILAH'),
	(11,1,'MOHAMMED REZKY IHWAN'),
	(12,1,'MOKHAMAD FADLI AULIA'),
	(13,1,'MUHAMMAD ILHAM ILLIYIN'),
	(14,1,'RAYHAN NUR HASYIM'),
	(15,1,'SABILA ROHMAH'),
	(16,1,'UMU'),
	(17,1,'ZULFAN AHMAD SIDIK'),
	(18,1,'ALEXA ASTRI R'),
	(19,1,'ARIS ABDUL ROHMAN'),
	(20,1,'AYU AZAHRA'),
	(21,1,'BERLIANA'),
	(22,1,'DIANA NUR FADHILA'),
	(23,1,'DIMAS FAUZAN'),
	(24,1,'EUIS DEWI'),
	(25,1,'EUIS DEWI R'),
	(26,1,'FAHMI RAFLI ADITYA'),
	(27,1,'FERDY'),
	(28,1,'GHINA IMROATUL'),
	(29,1,'HALIM FEBRIAN'),
	(30,1,'HALIM FEBRIANA'),
	(31,1,'INSANIA BELA'),
	(32,1,'INSANIA NABELLADINA'),
	(33,1,'LILIK FADILA'),
	(34,1,'MEISYA R'),
	(35,1,'MUHAMMAD JORDAN'),
	(36,1,'NESA'),
	(37,1,'NUR INDAH'),
	(38,1,'NURI NUR AINI'),
	(39,1,'PUTRI ISKA ANDINI'),
	(40,1,'PUTRI NUR AZIZAH'),
	(41,1,'RASHEEDA SAHLA Z'),
	(42,1,'RIYAN RAMADHAN'),
	(43,1,'ROSI SALADINI'),
	(44,1,'ROYANI NURJANAH'),
	(45,1,'ROYANI NURJANNAH'),
	(46,1,'SAUMI NOVAL RAMADANTI'),
	(47,1,'SYIFA FADLIN'),
	(48,1,'TIANA ZAHRA PUTRI'),
	(49,1,'TRIO BUDIANTO'),
	(50,1,'WULAN'),
	(51,1,'AGHNA AZKANI SAKTYA'),
	(52,1,'ALFA MIFTAKHUL IKHSAN'),
	(53,1,'MUKHAMMAD DZIKRI FALAKH'),
	(54,1,'ELVINA'),
	(55,1,'FATHAN A'),
	(56,1,'FAZA INTANI NURSHOLIHIN'),
	(57,1,'MICHELLE AZKYA'),
	(58,1,'OKTAVIANITA N'),
	(59,1,'PUTRI MAULANI'),
	(60,1,'SANABELA CAHYAWATI PUTRI'),
	(61,1,'SOFI NUR ISNAINI S'),
	(62,1,'WIDA YUDHA D P'),
	(63,1,'AULIA FADHILA'),
	(64,1,'ERMA'),
	(65,1,'FARHAN RIMBA A'),
	(66,1,'LISNA AZKA'),
	(67,1,'M PUTRA ADITYA'),
	(68,1,'NUR HILMAN'),
	(69,1,'REGITA DWI CAHYANI'),
	(70,1,'REGIZKA'),
	(71,1,'RIZKA APRILIA'),
	(72,1,'ANNAS ALMUTANAVISUN'),
	(73,1,'INDAH'),
	(74,1,'INDAH FZ'),
	(75,1,'RIZKY RAMADHAN'),
	(76,1,'ASAD JAGUAR'),
	(77,1,'ILHAM MUHAMMAD YUSUF'),
	(78,1,'INDRA ALAM CAHYA'),
	(79,1,'M. SULHAN MUSTGHFIRIN'),
	(80,1,'MOCHAMMAD FERNANDA PUTRA'),
	(81,1,'NAUFAL RAFLI'),
	(82,1,'NUR SITI AISYAH'),
	(83,1,'NURSITI ISYAH'),
	(84,1,'PUPUT'),
	(85,1,'SULHAN MUSTAGFIRIN'),
	(86,1,'TEJAP PERMANA'),
	(87,1,'ALFA ALFIAN ROUF'),
	(88,1,'ANDIKA'),
	(89,1,'ERISTA'),
	(90,1,'FAHIRA'),
	(91,1,'FAHIRA FITALOKA'),
	(92,1,'FERA ROSIANI'),
	(93,1,'ILLONA NOVAL'),
	(94,1,'ISMAIL'),
	(95,1,'LATIFA'),
	(96,1,'LUSIANA BUDHIYATI NUR AISYAH'),
	(97,1,'RAKA AJI'),
	(98,1,'RISKA INTAN'),
	(99,1,'SARAH'),
	(100,1,'SULTON AJI'),
	(101,1,'AHMAD SYAIFUDIN ARDHIANSYAH'),
	(102,1,'ALKA FEBRIANTO'),
	(103,1,'ANDI MUH. ADRYAN FAUZI'),
	(104,1,'BAIHAQI WIBISONO PRAYITNO'),
	(105,1,'FADEL PUTRA SABILY'),
	(106,1,'FADILLAH THORIQ RIFALDY'),
	(107,1,'FATHUR ROHMAN AL AZIZ'),
	(108,1,'FAISAL NUR FALAH'),
	(109,1,'HELMI AHMAD MUBARAK'),
	(110,1,'JIHAD ULYA ASYIRO'),
	(111,1,'MUHAMMAD ALDIAN FAQIHUDIN'),
	(112,1,'MUHAMMAD ARTUR ARYA FARROZ'),
	(113,1,'MUHAMMAD FAZA FAUZAN ADHIMA'),
	(114,1,'MUHAMMAD WILDAN ROYAN'),
	(115,1,'REVA DAHLAIREKA'),
	(116,1,'RIZAL INDRA SAKTI'),
	(117,1,'ROHMANUDIN KHRISNANDA FEBRIANTO'),
	(118,1,'ALFIAN DWI BAGUS NUR ROCHMAN'),
	(119,1,'IBNU DA\'WAN SALIM UBAIDAH'),
	(120,1,'LUFTY SYAIF FADLAN'),
	(121,1,'MAKHFUDZ HIBAT'),
	(122,1,'MOH AQSA ALMUBARAKS'),
	(123,1,'MUHAMMAD ABI DHIKRI ALFADILLAH'),
	(124,1,'MUHAMMAD AGRIDZADHANA'),
	(125,1,'MUHAMMAD RAIHAN ARIEF'),
	(126,1,'MUHAMMAD ZAKKA RAMADHAN'),
	(127,1,'REZA RADITYA'),
	(128,1,'RIFKI ALFIAN ABDI MALIK'),
	(129,1,'RIFKI ROMI ALMAHI'),
	(130,1,'SULTAN HAKIM'),
	(131,1,'ABU ABDIROHMAN ROSIKHUN NUR MUTTAQIN'),
	(132,1,'BASOFI NUR FATKHAN'),
	(133,1,'IMAN DAFFA ABUBAKAR'),
	(134,1,'LUQMAN RUSDAN WIWAHA'),
	(135,1,'MOHAMAD HIRZAN KIFLI'),
	(136,1,'MUHAMMAD FAQIHNA FIDDIN'),
	(137,1,'MUHAMMAD NUGIE PRASETYO'),
	(138,1,'MUHAMMAD WILDAN FAUZI'),
	(139,1,'NAUFAL CHANDRA AHDILAR'),
	(140,1,'RYAN FATAHILAH'),
	(141,1,'DENNI HUDA PRATAMA'),
	(142,1,'FAUZAN MAULANA HASAN'),
	(143,1,'FEBRYAN KHOIRUN YUSUF'),
	(144,1,'FILANITO ABU BAKAR ISMU DHOHIR'),
	(145,1,'IHSANUDDIN KHRISTANTO DWI NUGROHO'),
	(146,1,'IZHAR AULIA TAQWA'),
	(147,1,'LAZUARDY OKA'),
	(148,1,'RAFLY ZULFI ROBBIANSYAH'),
	(149,1,'SYUHADA ALFAQIH MAULID MAHDAR'),
	(150,1,'ILHAM KURNIA EKA SAPUTRA'),
	(151,1,'ELVAN KADAHRULSALAM'),
	(152,1,'BAYU JEFRI WIBAWA'),
	(153,1,'MUHAMMAD HASAN WIRASNO'),
	(154,1,'IRFAN MUHAMMAD ABYAN'),
	(155,1,'ABEL BIMA WIRATAMA'),
	(156,1,'ALVINA ARBI SEKAR WANGI'),
	(157,1,'ALYANI IZATI KIASATINA'),
	(158,1,'ARIFA NABILA ANANTO'),
	(159,1,'AZKA MAULANI'),
	(160,1,'DEA IYUS INTAN SHOFIA PRATAMA'),
	(161,1,'ELVIRA ASTRID SALSABILLA'),
	(162,1,'ERISNAZELA'),
	(163,1,'FADHILA KHAIRUN NISA'),
	(164,1,'FIRDA KHOIRUNNISA'),
	(165,1,'MUTIARA NISFUL LAIL'),
	(166,1,'NATHIFA AGUSTIANA'),
	(167,1,'RISA ARISTA ADELIA'),
	(168,1,'HUSNA DIYAN'),
	(169,1,'SAMIRA'),
	(170,1,'ADELIA NADYA PERTIWI'),
	(171,1,'ARNETA HURIL HASANAH'),
	(172,1,'AUKHA LUKANSA TSALTSALBILA'),
	(173,1,'AZATI HANANI IMANIA'),
	(174,1,'DIA KHARISMA BILQIS'),
	(175,1,'DURRA BAROROH'),
	(176,1,'EGHA FAUZIA NATASYA'),
	(177,1,'GRISELDA ZULFA PERMATA ARGA'),
	(178,1,'HANIFA PHILANTHROPIST HAMID'),
	(179,1,'JIHAN AULIA GRISATITA'),
	(180,1,'LULUK NUR DAMAYANTI'),
	(181,1,'NURLAILI ZAMHARIRO'),
	(182,1,'RANAIDA NASHITA'),
	(183,1,'SHINTA NUR ARAFAH'),
	(184,1,'VANESSA AYU PUTRI'),
	(185,1,'ZUIYINA AYU DINNI'),
	(186,1,'AGNOLIA SAFIRA ROHMATIN'),
	(187,1,'ALIFIA ZAHRA FIRDAUS'),
	(188,1,'ARIES CHITA PRAWINDI'),
	(189,1,'AULIYA SABILA'),
	(190,1,'DIFYA HAJIZA'),
	(191,1,'ERA ARIFIANI WIJAYA'),
	(192,1,'LINTA AMALIA CHASANA'),
	(193,1,'LISTYA LOKESWARA'),
	(194,1,'SALSABILLA ALISKA PUTRI'),
	(195,1,'VIDYA KARTIKA DEWI'),
	(196,1,'DEVFRI SAVIRA GHAISANI'),
	(197,1,'FINNA FADILLA'),
	(198,1,'FIRDA RAHMANSYAH'),
	(199,1,'KIKIN NUR ULYA IINDRAWATI'),
	(200,1,'NADYA SANIYYA RAMADHANTI'),
	(201,1,'SARAH N S SETIAWAN'),
	(202,1,'SHABRINA NADHILA IMANIA'),
	(203,1,'TIFFANY ARAQANDI FIRDAUSI'),
	(204,1,'WILDAN AINUN SOLIHAH'),
	(205,1,'FANY RIZKA UTAMI'),
	(206,1,'LULUK ARDHIA PRATIDINA'),
	(207,1,'LUTHFIA NINGRUM K. M.'),
	(208,1,'TRI IMI ARIFIANI'),
	(209,1,'ANGGA ISNAN FAUZI'),
	(210,1,'ROFIQ ARIFANO'),
	(211,1,'MUHAMMAD FARHAN HADI'),
	(212,1,'IRFAN EFENDI'),
	(213,1,'MUHAMMAD HUSNY ABDUFATAH'),
	(214,1,'RIDHO KHOIR'),
	(215,1,'ALDI MUHAMMAD NUR HASAN'),
	(216,1,'MUCHAMMAD FAKHRI HASAN'),
	(217,1,'IKHSAN FAUZI'),
	(218,1,'ROIKHAN ROMADONI'),
	(219,1,'ADLY FAHMY ARIZKI'),
	(220,1,'RINALDY HIDAYATULLAH'),
	(221,1,'MUHAMMAD YUSUF HADI'),
	(222,1,'NAWI LIPITO'),
	(223,1,'ROYAN AULYA QISTHY'),
	(224,1,'IKBAL SOBARI'),
	(225,1,'MUHAMMAD DAFFA FIRDAUS'),
	(226,1,'MUHAMMAD SYAIFUL AMRI'),
	(227,1,'FEBRY ARMIANDO'),
	(228,1,'AMELIA'),
	(229,1,'EFRIDA'),
	(230,1,'ERGINA'),
	(231,1,'LINTA HALAWATI'),
	(232,1,'SELLY SABILA'),
	(233,1,'SUCI ANDINI'),
	(234,1,'TRISYA INDANA'),
	(235,1,'YANTI'),
	(236,1,'ADIL WIBOWO'),
	(237,1,'HALIM RAMDHANI'),
	(238,1,'RIYAN HIDAYAT'),
	(239,1,'ADINDA RISKIA UTAMI'),
	(240,1,'AKSAL'),
	(241,1,'ARUL'),
	(242,1,'AXCALL RANGGANATHAN'),
	(243,1,'BINTARI'),
	(244,1,'DIMAS FEBRIAN FADILAH'),
	(245,1,'ELFARA FAJARI'),
	(246,1,'NADIFA PUTRI'),
	(247,1,'OPIK'),
	(248,1,'SALMA SALSABILA'),
	(249,1,'AMRIH HABIBI'),
	(250,1,'AMWAH ARTUR'),
	(251,1,'AZKA'),
	(252,1,'ERLANGGA'),
	(253,1,'HABIB'),
	(254,1,'HADIYANTO'),
	(255,1,'HASNA SHABIRAH'),
	(256,1,'IHWAN ABDILLAH'),
	(257,1,'LAUSER ALBAKHRIYAH'),
	(258,1,'RAFLI'),
	(259,1,'RINI RACHMAWATI'),
	(260,1,'RIO'),
	(261,1,'RISA ASIFA'),
	(262,1,'RIZKI MAULANA'),
	(263,1,'RIZKI RAVEN'),
	(264,1,'RIZKY RAVEN'),
	(265,1,'RIZQI MAULANA NUGRAHA'),
	(266,1,'SAHRUL'),
	(267,1,'YAGI'),
	(268,1,'AKBAR'),
	(269,1,'APRIL'),
	(270,1,'DESTRI'),
	(271,1,'DHIKA'),
	(272,1,'DIAN RAMDAN'),
	(273,1,'JUNIAR'),
	(274,1,'LINA'),
	(275,1,'RAIHAN'),
	(276,1,'SAKTI'),
	(277,1,'BELLA DINI FIRDAUSI'),
	(278,1,'NOVI LINGGA'),
	(279,1,'PUTRI'),
	(280,1,'YOGI ABDUL'),
	(281,1,'ACA'),
	(282,1,'AGUNG HAFIDZ FADL'),
	(283,1,'ALFI AMALIKA SHOLEHAH'),
	(284,1,'ALIYUDIN AHSAN MUTAQQIN'),
	(285,1,'ALVINA UTIA JANNAH'),
	(286,1,'ALYA LINTA KONITA'),
	(287,1,'AMALIA NUR FADHILLAH'),
	(288,1,'ATIA NUR AULIA'),
	(289,1,'DEA'),
	(290,1,'CHINTYANI HASTINA PUTRI SYARIFAHNISA'),
	(291,1,'DEAJENG FITALOKA FATMAWATI'),
	(292,1,'DHIKA GILANG FAUZI'),
	(293,1,'FADIL'),
	(294,1,'FAHRI SIDIK R.'),
	(295,1,'DIMAS ROYAN'),
	(296,1,'FAHRYAN RIZALDI'),
	(297,1,'FARIS'),
	(298,1,'FAUZAN IRSYAD FATHURROHMAN'),
	(299,1,'FITRI'),
	(300,1,'GHIANI SILMI HUDA'),
	(301,1,'GIAN MARCELLIANDI'),
	(302,1,'HAFIZ'),
	(303,1,'HASBIYA MAULANA'),
	(304,1,'HASNA SHAFFA'),
	(305,1,'HILDA'),
	(306,1,'ICHA'),
	(307,1,'ILHAM RUSDIAN'),
	(308,1,'IMANDA HUDAYA PUTRI'),
	(309,1,'INDY FAHMANIA'),
	(310,1,'JEAN NAKIA'),
	(311,1,'JESSICA'),
	(312,1,'KALAM RIZKY RAMDHAN'),
	(313,1,'LITASYA'),
	(314,1,'KANIYA RIZKY'),
	(315,1,'FARHAN MAULANA'),
	(316,1,'KEVIN LESITCHEV TAWAFA NUSA KOMAR'),
	(317,1,'MARSHA M'),
	(318,1,'MEKA MEDINA'),
	(319,1,'MILA OKTAVIANI'),
	(320,1,'MUCHSIN AMRUL HAQ'),
	(321,1,'MUHAMMAD AHDAN HAQQIN'),
	(322,1,'MUHAMMAD ROFIQ ARSYAH'),
	(323,1,'NADYA ZAHRA PERMANA'),
	(324,1,'NAURA ZASKIA'),
	(325,1,'NUR\'AINI SALSABILA'),
	(326,1,'PUJI HIDAYANTI'),
	(327,1,'RAHMAT GOFUR'),
	(328,1,'RANI SUGIARTI'),
	(329,1,'REFINA HILYATA'),
	(330,1,'REZA MAULANA'),
	(331,1,'RIFALDHO FATWA ROZAQ'),
	(332,1,'RIVANA NUR HAQIQI'),
	(333,1,'RIFKI PRASETIA R'),
	(334,1,'SABILAN MALIKA'),
	(335,1,'SULTAN NAJIA ALFARISI'),
	(336,1,'RIZMAN NASRULLOH'),
	(337,1,'SALSABILA RIFQI PRANADA'),
	(338,1,'SINTA ATHIFA KHOIRUNNISA'),
	(339,1,'TSAQILA ZIYAN AHDA'),
	(340,1,'HAFIDAH AZZAHRA'),
	(341,1,'THILA L.D'),
	(342,1,'ELSA AULIA AZZAHRA'),
	(343,1,'YUSTIA AMELIA'),
	(344,1,'ARIEF SIDIQ FAUZI'),
	(345,1,'EVI FITRIAWATI'),
	(346,1,'RIZALDHO NUR FAQIH'),
	(347,1,'HUSNUL ISNAENI'),
	(348,1,'REINA NURJANNAH'),
	(349,1,'YUSUF BAHTIAR'),
	(350,1,'RIZALDHI NF'),
	(351,1,'ABDAN'),
	(352,1,'AHMAD LUTHFI NASRULLOH'),
	(353,1,'ALDI FIRMANSYAH'),
	(354,1,'ALFAN NASRULLOH'),
	(355,1,'ALIFA PUTRI N A'),
	(356,1,'ALIFAR IHSAN'),
	(357,1,'ALISYA REVALIA'),
	(358,1,'ALLISYA REVALIA PUTRI RAHARJA '),
	(359,1,'ANSORY'),
	(360,1,'ARJUNA MUSTAJAB'),
	(361,1,'ASIFFA JULIZIA'),
	(362,1,'AUDINA AINUN NISSA'),
	(363,1,'AYUNDA NOVITA PERMATASARI'),
	(364,1,'AYUNI SULISTIA'),
	(365,1,'DAVINA'),
	(366,1,'DEANIRA SALSABILA'),
	(367,1,'DEDE WARDANI'),
	(368,1,'DIANA RATNA NINGSIH'),
	(369,1,'DINANDA DIYANITA FIRDAUS'),
	(370,1,'FAHRIZAL AZKA ALHAFIDZ'),
	(371,1,'FAHRUL AZHARI ASSIDQI'),
	(372,1,'FAISAL GUNAWAN'),
	(373,1,'FITRI RAMDAYANI'),
	(374,1,'FUJI DATI RABANITA'),
	(375,1,'HARUN ZABIR'),
	(376,1,'HILMI SALBILAH BAROKAH'),
	(377,1,'HILMI. S'),
	(378,1,'IKMAL AROFAH'),
	(379,1,'ILHAM FAUZI'),
	(380,1,'INDI AMELIA'),
	(381,1,'ISBAH AHMAD'),
	(382,1,'JORDAN'),
	(383,1,'KARINA MARETHA B.'),
	(384,1,'KAWILDA'),
	(385,1,'KISTHI RIHATUL JANNAH'),
	(386,1,'LULU AURALIA'),
	(387,1,'LUTHFI FADHILAH'),
	(388,1,'M NURHIDAYAT'),
	(389,1,'MALIK MAULANA'),
	(390,1,'MARCHELLA AZQIYA S.'),
	(391,1,'MIFTAHUL HUDA'),
	(392,1,'MUGI BAROKAH'),
	(393,1,'MUHAMMAD THORIQ A'),
	(394,1,'MULKI AHMAD MUJADI'),
	(395,1,'MUYASYAROH'),
	(396,1,'NIPHA AURELLIA PUTRI INJANI '),
	(397,1,'NISSA NUR A'),
	(398,1,'NOVAINI HANIFAH MULYANA'),
	(399,1,'NURI ANJANI'),
	(400,1,'NURUL SAFITRI'),
	(401,1,'PRAYOGA PANGESTU'),
	(402,1,'RAMADITYA'),
	(403,1,'RANTI ROHMAH'),
	(404,1,'REFALDI WIDARA'),
	(405,1,'REINA DWI NUR AJIJAH'),
	(406,1,'REINA DWI NURAJIJAH'),
	(407,1,'RIDWAN NURHASAN'),
	(408,1,'RIFAL M ARIZKY'),
	(409,1,'ROFI FATUSALMA'),
	(410,1,'ROFIFATUS SALMA'),
	(411,1,'ROFIQ SOFYAN'),
	(412,1,'SABILA DINA UBAIDAH'),
	(413,1,'SANIA FEBIA'),
	(414,1,'SARAH NURHAFIDAH'),
	(415,1,'SILDA NURUL HISAN'),
	(416,1,'SINDI MARJANI'),
	(417,1,'SOFIA ULFAH'),
	(418,1,'SYAHID SYAMSUDIN'),
	(419,1,'SYAIPUL ANWAR'),
	(420,1,'TIARA ANJENILA'),
	(421,1,'TITA ROSITA'),
	(422,1,'VIARRERA ALVIANA'),
	(423,1,'WAHYU SAEPUL ROHMAN'),
	(424,1,'YASPA FIRDAUS'),
	(425,1,'ZAMZAM HERMANSYAH P'),
	(426,1,'ZIDAN HERMANSYAH. P. B'),
	(427,1,'ZULFREDO RIVERA'),
	(428,1,'NOVI YANDI ABDUL AZIZ FIRDAUS'),
	(429,1,'ABDUL KHOLIS ELAKMAL'),
	(430,1,'ADI'),
	(431,1,'AHMED THOHIR ALFARIZI'),
	(432,1,'AISYAH NOVIA'),
	(433,1,'AMEL'),
	(434,1,'AMELIA BILQIS ALKHURI'),
	(435,1,'ANGGA'),
	(436,1,'ANGGA JULIANA ABDUL KARIM'),
	(437,1,'ARDI'),
	(438,1,'ARIFA AMANDA'),
	(439,1,'ASTRIA RAHMANI ANDINI'),
	(440,1,'AULIA HURI NABILA'),
	(441,1,'AYU SABILLA'),
	(442,1,'BELA KARIMUDIN'),
	(443,1,'CAHYA KAMILA'),
	(444,1,'DARA NABILA'),
	(445,1,'DEPU'),
	(446,1,'DIKA ANANDA FUADILLAH'),
	(447,1,'DINDA AZKA LULUK ALJANNAH'),
	(448,1,'NURAINI RAHMADITA'),
	(449,1,'FADILA ANDINI'),
	(450,1,'FADLI M KARIMULLOH'),
	(451,1,'FAISAL'),
	(452,1,'FAISAL AKBAR FUADILLAH'),
	(453,1,'FAQIH ZULFA MUBAROKH'),
	(454,1,'FARHAN HADI ABDILLAH'),
	(455,1,'FATUR FADHILLAH PUTRA'),
	(456,1,'FAUZI YUSA'),
	(457,1,'FAZA NUR AFNI'),
	(458,1,'FIKA ANANDA FUADILLAH'),
	(459,1,'FIRZA'),
	(460,1,'FIYLA KHOIROTI'),
	(461,1,'GALIH ADNAN PERSADA'),
	(462,1,'GERARLD'),
	(463,1,'HASNA'),
	(464,1,'HAUZAN'),
	(465,1,'HURI AINI'),
	(466,1,'ILHAM MAULANA FIRDAUS'),
	(467,1,'ILHAM ASSIDQI'),
	(468,1,'INTAN R. C.'),
	(469,1,'IZZA LUTHFIIANA'),
	(470,1,'JERIL'),
	(471,1,'JULIANA PUTRI'),
	(472,1,'FAUZUL KANEYAMA'),
	(473,1,'KIKI RINALDI'),
	(474,1,'KRISNA BAYU'),
	(475,1,'LATIF ARDI ATMAJA'),
	(476,1,'LIANA ROWANTI'),
	(477,1,'LUKMAN MUHAMAD NURDIN'),
	(478,1,'LULUK SINTA'),
	(479,1,'M. ARFADH NASRULLAH'),
	(480,1,'M ARIS GUNAWAN'),
	(481,1,'M FAUZI NAILAL'),
	(482,1,'M. KEVIN'),
	(483,1,'M. RIVAL MULYADI'),
	(484,1,'MAULA AGNA'),
	(485,1,'MIFTAH FARIDH THORILQULHAQ'),
	(486,1,'M.MIZAN FIRDAUS'),
	(487,1,'MUHAMAD ZAKI ATARIQ'),
	(488,1,'MUHAMMAD MIFTAHUL FIRDAUS'),
	(489,1,'NABILA SALMA'),
	(490,1,'NADYA NURFITRI'),
	(491,1,'NAFI'),
	(492,1,'NASYWA TRIA ERLIANSYAH'),
	(493,1,'NIDA AULIA KARIMA'),
	(494,1,'NIKEN AULIA'),
	(495,1,'NUR FIRDA ROSDIYANA'),
	(496,1,'NUR IZZATUN NAFSI NISSA'),
	(497,1,'MUHAMMAD RAFLI ATMOKO'),
	(498,1,'RAIHAN'),
	(499,1,'RARIQ MGR'),
	(500,1,'RIDWAN FIRDAUS'),
	(501,1,'RINANDA RATNA UTAMA RICKY'),
	(502,1,'RIO TRIATMOJO'),
	(503,1,'ROBBY ROMADHON'),
	(504,1,'ROSITA FITRIA'),
	(505,1,'ROYANTI'),
	(506,1,'SABILLA ZAKIYANA'),
	(507,1,'SALMA IBNATUN'),
	(508,1,'SALSABILA HURI NURJANNAH'),
	(509,1,'SASHA'),
	(510,1,'SASHI AZKARAMADHAN'),
	(511,1,'SEKAR ADINA'),
	(512,1,'SELINA KRISTINA'),
	(513,1,'SENDI NURHASAN'),
	(514,1,'SHAFA'),
	(515,1,'SHELIN FAUZIA APRILIA'),
	(516,1,'SILVIA FAUZIA MARRETA'),
	(517,1,'SUCI NUR KHOLIFAH'),
	(518,1,'SULTHON ARDIANSYAH'),
	(519,1,'THORIQ'),
	(520,1,'VIOLA VALLI'),
	(521,1,'VUJI ANISA KISTI'),
	(522,1,'WIDITA PUTRA'),
	(523,1,'WILDA KHUSNUL KHOTIMAH'),
	(524,1,'WILDAN ANWAR KHOIRI'),
	(525,1,'ANJI RUSDI'),
	(526,1,'MAKHI ZAINUL URFI'),
	(527,1,'MUHAMMAD RIZA ISMAIL'),
	(528,1,'NADYA RAFIKA AULIA'),
	(529,1,'VIYLA KHOIROTI'),
	(530,1,'HANIFA PRANIA BELIA FAUZIAH'),
	(531,1,'AZKA NUR IHSANUDIN'),
	(532,1,'YANI SUGIANTO'),
	(533,1,'ADELIA'),
	(534,1,'KHASINA NURUL BAYANI'),
	(535,1,'LIANA ROWANTI FAJRI'),
	(536,1,'RINI'),
	(537,1,'SILPI LUPIANA'),
	(538,1,'M RIFKI ASHARI'),
	(539,1,'SABILLA ZAKIYANA RAHMA'),
	(540,1,'LUCKY FAUZAN PARIS'),
	(541,1,'SALMA '),
	(542,1,'RIVAL'),
	(543,1,'MOCH ZULFIKAR'),
	(544,1,'MUHAMMAD FARHAN'),
	(545,1,'EGHA FAUZIA NATASYA'),
	(546,1,'NADHIROH AMALIA AHSANY'),
	(547,1,'ARIYADI'),
	(548,1,'SHAKILA ALISA ISA'),
	(549,1,'PRAYOGA MUHAMMED'),
	(550,1,'MUHAMMAD DANENDRA ARLIANSYAH'),
	(551,1,'MUHAMMAD SULTHON'),
	(552,1,'MUHAMMAD GHANI RAZAN ANWAR'),
	(553,1,'MUHAMMAD ZULFI FIRDAUS'),
	(554,1,'GHINAN FADHILAH PUTRA'),
	(555,1,'MUHAMMAD PUTRA SHOLEH HARDJONO'),
	(556,1,'ALFAN FAUZIAN'),
	(557,1,'HANUM ISRO\' RAJAKONI'),
	(558,1,'LIVYA BILKISTI PUTRI'),
	(559,1,'REZA AYU YULIANTI'),
	(560,1,'ADAM HAFILLUDIN'),
	(561,1,'ADNAN'),
	(562,1,'AJIB FALANA SHIDIQ'),
	(563,1,'ALIYA MARSA'),
	(564,1,'ALVIN FAUZAN'),
	(565,1,'ANANDA PUTRI FIRDA'),
	(566,1,'ANGGITA NURAINI'),
	(567,1,'ANJAS'),
	(568,1,'ARIS RUSDI BAGASTYOS'),
	(569,1,'ARTI NUR LAENI'),
	(570,1,'AULIA HULWAH'),
	(571,1,'AULIA KHOERUN NISA'),
	(572,1,'BAGUS'),
	(573,1,'BARIN MAULAYA'),
	(574,1,'BIMO'),
	(575,1,'CANTIK'),
	(576,1,'DENDI'),
	(577,1,'DIANA APRILIANTI'),
	(578,1,'DINA NUR SOFIANA'),
	(579,1,'FAHMI MAULUDIN'),
	(580,1,'FAHMI MIRATUL TANIA'),
	(581,1,'FAUZI AKBAR'),
	(582,1,'FENI'),
	(583,1,'HAURA HASBUNA'),
	(584,1,'IBNU AKBAR'),
	(585,1,'IKHSAN IBANATUL AHKAM'),
	(586,1,'IMAN AHMAD SOLIHIN'),
	(587,1,'KAMILA FARA HANIFAH'),
	(588,1,'KAYIS FALANA ABDUL MALIK'),
	(589,1,'KAYIS FALANA ABROR'),
	(590,1,'KESYA AZKA'),
	(591,1,'LINTA'),
	(592,1,'LINTA IMROATUSSOLIHAT'),
	(593,1,'LOLA AMERA'),
	(594,1,'M ZIA RIZAL'),
	(595,1,'M. HIFZHAN ARDHAN'),
	(596,1,'M. IRSYAD AULIA DUTA R.'),
	(597,1,'MERI FARILYA'),
	(598,1,'MUAHAMD RIQKI FIRDAUS'),
	(599,1,'MUHAMAD ERASYAD AKBAR'),
	(600,1,'MUHAMMAD IQBA'),
	(601,1,'NABILA ALISIA'),
	(602,1,'NABILA FASIHA FIRMANIA'),
	(603,1,'NADIRA TAGHSYA F.'),
	(604,1,'NAJMAH FAKRIYAH'),
	(605,1,'NAUFAL FAQIH KUSUMA RAMADHAN'),
	(606,1,'NAUFAL AFIF A'),
	(607,1,'NAZRA FIERA'),
	(608,1,'NEZA FADILLAH'),
	(609,1,'NIZAR'),
	(610,1,'NUR SYIFA'),
	(611,1,'NURHALIM ROSYIDI DAMARSETYA'),
	(612,1,'NURIN ZAKIYA'),
	(613,1,'NURRA GAIA DEWIYANTI'),
	(614,1,'NURRA GHEA'),
	(615,1,'NURSYIFA'),
	(616,1,'RAFLI FAUJIANTO'),
	(617,1,'RAFLI M. SHOLEH'),
	(618,1,'RAFLI SOLEH'),
	(619,1,'RATU ALITA BERLIANA'),
	(620,1,'REEHAN MIKYE'),
	(621,1,'RIFQI'),
	(622,1,'SALSA NUR AMALIA'),
	(623,1,'SALSABILA AULIA'),
	(624,1,'SASKIA AULIA N'),
	(625,1,'SOFWAN FATHURRAHMAN YOGAPRANATA'),
	(626,1,'SUCI'),
	(627,1,'SUCI AULIA'),
	(628,1,'SYLVANA AULIA'),
	(629,1,'ULYA UTIMA'),
	(630,1,'VINA ALFA ALFI'),
	(631,1,'WILDAN ARISMAN'),
	(632,1,'YUSVINA FAUZANI'),
	(633,1,'ZAHRA ELFARETTA'),
	(634,1,'JUNIZAR MUHAMMAD FAHMI'),
	(635,1,'FAHMI'),
	(636,1,'M. H. ARDHAN'),
	(637,1,'MUHAMAD IRSYAD A'),
	(638,1,'GERDI ABDI SALAM'),
	(639,1,'FAHMI MIRATUL HANIA'),
	(640,1,'FENY CHORNERISA B'),
	(641,1,'ARIS RUSIDI BAGASTYO'),
	(642,1,'KEVIN OKTAVIANOV ABDUROHMAN'),
	(643,1,'NAUFAL AFIF ABDUROHMAN'),
	(644,1,'IKHSAN ABDUL ROCHMAN'),
	(650,1,'Muhammad iqba '),
	(651,1,'karom hudianto'),
	(652,1,'aulia nada afifah'),
	(653,1,'kholid nurhasan'),
	(654,1,'HUSEN HERMANTO'),
	(655,1,'ruliana febriani'),
	(656,1,'FAMELA GITA SAHARA'),
	(657,1,'WAKID AHMAD'),
	(658,1,'kholid nurhasan'),
	(659,1,'DEA FITRIANI FAUZIAH'),
	(660,1,'kholid nurhasan'),
	(661,1,'Fahmi amarullah'),
	(662,1,'ADI LUKMAN DAMADI'),
	(663,1,'muhammad rifai'),
	(664,1,'GINA FAHMY LATIFA'),
	(665,1,'BAMBANG THORIQ'),
	(666,1,'ELSYA ALMIRA'),
	(667,1,'AULIA SHOLIHAT'),
	(668,1,'MOH RIZAL BUKHORI'),
	(669,1,'NUR FIRDHA ROSDIANA'),
	(670,1,'JUJUN JUNAEDI'),
	(671,1,'NURHAIDA JULI YANTI'),
	(672,1,'MUHAMMAD AZKA NUR IHSANUDIN'),
	(673,1,'fauziah nur oktaviani'),
	(674,1,'Saras Larasati'),
	(675,1,'SELLY SABILA NUR QISTI'),
	(676,1,'sofia khaerunnisa'),
	(677,1,'hilda rizka syabani'),
	(678,1,'FAJRI RIADI'),
	(679,1,'tiara anjelina'),
	(680,1,'IMROATUN HASANAH'),
	(681,1,'hilda rizka syabani'),
	(682,1,'SENIYATI '),
	(683,1,'NURHASANLA'),
	(684,1,'ANITA PURNAMASARI '),
	(685,1,'RULIANA FEBRIANI'),
	(686,1,'HIZQIL NUSI'),
	(687,1,'YURIDA MUSLIHA'),
	(688,1,'MUHAMMAD ALIF ALFAINI'),
	(689,1,'MUHAMMAD SAKTI SUYADI PUTRA'),
	(690,1,'Raihan Rabbani'),
	(691,1,'MUHAMMAD NURDIN'),
	(692,1,'ASTRIYA RAHMANI ANDINI '),
	(693,1,'HELMALIA NUR FAUZIAH'),
	(694,1,'AGHNIA NURFADILLAH'),
	(695,1,'DUNA RIZQA AZIZA'),
	(696,1,'ALVA RISCHA QHISTHANA PRATIKA'),
	(697,1,'WILDA MARDHIANI'),
	(698,1,'ALFINA UTIA JANAH'),
	(699,1,'FAKIH ZULFA MUBAROKH'),
	(700,1,'FINA ALFA ALFI H'),
	(701,1,'IVAN ABDUL AZIZ. '),
	(702,1,'HURI AINI ERLINDA'),
	(703,1,'INTAN RIZKA CAHYANI'),
	(704,1,'SUCI ANDINI'),
	(705,1,'ZULFY AKBAR'),
	(706,1,'Riyan Haq'),
	(707,1,'DINAL MUJAHID'),
	(708,1,'Riyan Haq'),
	(709,1,'AKHMAD ROFIQ ARIFANO'),
	(710,1,'atim fadhila'),
	(711,1,'NURAENI'),
	(712,1,'MUHAMMAD FARHAN HADI'),
	(713,1,'nur hikmah hidayani'),
	(714,1,'Nurkhonsa fadlila'),
	(715,1,'SILVI MARSELA'),
	(716,1,'ACHMAD ROSIDIN'),
	(717,1,'FADILLA PUTRI IMANI'),
	(718,1,'Eka Nurhidayah'),
	(719,1,'RIZKY SAIF AKBAR'),
	(720,1,'DESCA FATHURRAJAB'),
	(721,1,'ASTRI MEIDINI FATHIANI'),
	(722,1,'KARINA NURHIDAYAH'),
	(723,1,'MUHAMMAD FADHLIN RAMADHIKA'),
	(724,1,'SABDO KHOIRUL HUDA'),
	(725,1,'VERA ROSIYANI'),
	(726,1,'BAGUS SENO PAMUNGKAS'),
	(727,1,'IHSAN HADI NURHASAN');

/*!40000 ALTER TABLE `audience` ENABLE KEYS */;
UNLOCK TABLES;


# Dump of table audience_head
# ------------------------------------------------------------

DROP TABLE IF EXISTS `audience_head`;

CREATE TABLE `audience_head` (
  `ID` int(11) NOT NULL AUTO_INCREMENT,
  `user_id` int(10) DEFAULT NULL,
  `name` varchar(100) NOT NULL,
  PRIMARY KEY (`ID`)
) ENGINE=InnoDB DEFAULT CHARSET=utf8mb4;

LOCK TABLES `audience_head` WRITE;
/*!40000 ALTER TABLE `audience_head` DISABLE KEYS */;

INSERT INTO `audience_head` (`ID`, `user_id`, `name`)
VALUES
	(7,1,'Pengajian Pra-Nikah');

/*!40000 ALTER TABLE `audience_head` ENABLE KEYS */;
UNLOCK TABLES;


# Dump of table audience_meta_index
# ------------------------------------------------------------

DROP TABLE IF EXISTS `audience_meta_index`;

CREATE TABLE `audience_meta_index` (
  `id` int(10) NOT NULL AUTO_INCREMENT,
  `audience_head_id` int(10) NOT NULL,
  `name` varchar(50) NOT NULL,
  PRIMARY KEY (`id`)
) ENGINE=InnoDB DEFAULT CHARSET=latin1;

LOCK TABLES `audience_meta_index` WRITE;
/*!40000 ALTER TABLE `audience_meta_index` DISABLE KEYS */;

INSERT INTO `audience_meta_index` (`id`, `audience_head_id`, `name`)
VALUES
	(2,7,'jenis kelamin'),
	(3,7,'kelompok'),
	(4,7,'desa'),
	(5,7,'jenjang pendidikan'),
	(6,7,'kelas/tingkatan'),
	(7,7,'tanggal lahir'),
	(8,7,'umur');

/*!40000 ALTER TABLE `audience_meta_index` ENABLE KEYS */;
UNLOCK TABLES;


# Dump of table audience_meta_value
# ------------------------------------------------------------

DROP TABLE IF EXISTS `audience_meta_value`;

CREATE TABLE `audience_meta_value` (
  `id` int(10) NOT NULL AUTO_INCREMENT,
  `audience_id` int(10) NOT NULL,
  `audience_meta_index_id` int(10) NOT NULL,
  `value` varchar(250) NOT NULL,
  PRIMARY KEY (`id`)
) ENGINE=InnoDB DEFAULT CHARSET=latin1;

LOCK TABLES `audience_meta_value` WRITE;
/*!40000 ALTER TABLE `audience_meta_value` DISABLE KEYS */;

INSERT INTO `audience_meta_value` (`id`, `audience_id`, `audience_meta_index_id`, `value`)
VALUES
	(1,1,2,'LAKI-LAKI'),
	(2,1,3,'CIPBAR'),
	(3,1,4,'BALEENDAH'),
	(4,1,5,'SMA'),
	(5,1,6,'10'),
	(6,1,7,'29/3/2004'),
	(7,1,8,'15'),
	(8,2,2,'LAKI-LAKI'),
	(9,2,3,'CIPBAR'),
	(10,2,4,'BALEENDAH'),
	(11,2,5,'SMP'),
	(12,2,6,'8'),
	(13,2,7,''),
	(14,2,8,'0'),
	(15,3,2,'LAKI-LAKI'),
	(16,3,3,'CIPBAR'),
	(17,3,4,'BALEENDAH'),
	(18,3,5,'SMK'),
	(19,3,6,'12'),
	(20,3,7,'22/06/2002'),
	(21,3,8,'17'),
	(22,4,2,'LAKI-LAKI'),
	(23,4,3,'CIPBAR'),
	(24,4,4,'BALEENDAH'),
	(25,4,5,'LULUS/KERJA'),
	(26,4,6,''),
	(27,4,7,''),
	(28,4,8,'0'),
	(29,5,2,'PEREMPUAN'),
	(30,5,3,'CIPBAR'),
	(31,5,4,'BALEENDAH'),
	(32,5,5,'LULUS/KERJA'),
	(33,5,6,''),
	(34,5,7,'22/05/2001'),
	(35,5,8,'18'),
	(36,6,2,'LAKI-LAKI'),
	(37,6,3,'CIPBAR'),
	(38,6,4,'BALEENDAH'),
	(39,6,5,'LULUS/KERJA'),
	(40,6,6,''),
	(41,6,7,''),
	(42,6,8,'0'),
	(43,7,2,'LAKI-LAKI'),
	(44,7,3,'CIPBAR'),
	(45,7,4,'BALEENDAH'),
	(46,7,5,'SMP'),
	(47,7,6,'8'),
	(48,7,7,''),
	(49,7,8,'0'),
	(50,8,2,'LAKI-LAKI'),
	(51,8,3,'CIPBAR'),
	(52,8,4,'BALEENDAH'),
	(53,8,5,'SMK'),
	(54,8,6,'11'),
	(55,8,7,'1/4/2003'),
	(56,8,8,'16'),
	(57,9,2,'PEREMPUAN'),
	(58,9,3,'CIPBAR'),
	(59,9,4,'BALEENDAH'),
	(60,9,5,'LULUS/KERJA'),
	(61,9,6,''),
	(62,9,7,'12/4/1999'),
	(63,9,8,'-20'),
	(64,10,2,'PEREMPUAN'),
	(65,10,3,'CIPBAR'),
	(66,10,4,'BALEENDAH'),
	(67,10,5,'LULUS/KERJA'),
	(68,10,6,''),
	(69,10,7,'1/3/1998'),
	(70,10,8,'-22'),
	(71,11,2,'LAKI-LAKI'),
	(72,11,3,'CIPBAR'),
	(73,11,4,'BALEENDAH'),
	(74,11,5,'SMK'),
	(75,11,6,'10'),
	(76,11,7,'29/12/2004'),
	(77,11,8,'15'),
	(78,12,2,'LAKI-LAKI'),
	(79,12,3,'CIPBAR'),
	(80,12,4,'BALEENDAH'),
	(81,12,5,'LULUS/KERJA'),
	(82,12,6,''),
	(83,12,7,'19/11/2000'),
	(84,12,8,'-19'),
	(85,13,2,'LAKI-LAKI'),
	(86,13,3,'CIPBAR'),
	(87,13,4,'BALEENDAH'),
	(88,13,5,'SMP'),
	(89,13,6,'8'),
	(90,13,7,'27/10/2006'),
	(91,13,8,'13'),
	(92,14,2,'LAKI-LAKI'),
	(93,14,3,'CIPBAR'),
	(94,14,4,'BALEENDAH'),
	(95,14,5,'LULUS/KERJA'),
	(96,14,6,''),
	(97,14,7,'21/11/2001'),
	(98,14,8,'-18'),
	(99,15,2,'PEREMPUAN'),
	(100,15,3,'CIPBAR'),
	(101,15,4,'BALEENDAH'),
	(102,15,5,'LULUS/KERJA'),
	(103,15,6,''),
	(104,15,7,'6/12/1999'),
	(105,15,8,'-20'),
	(106,16,2,'PEREMPUAN'),
	(107,16,3,'CIPBAR'),
	(108,16,4,'BALEENDAH'),
	(109,16,5,'LULUS/KERJA'),
	(110,16,6,'LULUS/KERJA'),
	(111,16,7,'07/11/1994'),
	(112,16,8,'-25'),
	(113,17,2,'LAKI-LAKI'),
	(114,17,3,'CIPBAR'),
	(115,17,4,'BALEENDAH'),
	(116,17,5,'SMK'),
	(117,17,6,'10'),
	(118,17,7,'29/01/2004'),
	(119,17,8,'16'),
	(120,18,2,'PEREMPUAN'),
	(121,18,3,'CIPTIM'),
	(122,18,4,'BALEENDAH'),
	(123,18,5,''),
	(124,18,6,''),
	(125,18,7,'27/10/2005'),
	(126,18,8,'14'),
	(127,19,2,'LAKI-LAKI'),
	(128,19,3,'CIPTIM'),
	(129,19,4,'BALEENDAH'),
	(130,19,5,'LULUS/KERJA'),
	(131,19,6,''),
	(132,19,7,'21/8/1996'),
	(133,19,8,'-23'),
	(134,20,2,'PEREMPUAN'),
	(135,20,3,'CIPTIM'),
	(136,20,4,'BALEENDAH'),
	(137,20,5,'SMK'),
	(138,20,6,'9'),
	(139,20,7,'17/12/2004'),
	(140,20,8,'15'),
	(141,21,2,'PEREMPUAN'),
	(142,21,3,'CIPTIM'),
	(143,21,4,'BALEENDAH'),
	(144,21,5,'SMK'),
	(145,21,6,'10'),
	(146,21,7,'08/09/2003'),
	(147,21,8,'16'),
	(148,22,2,'PEREMPUAN'),
	(149,22,3,'CIPTIM'),
	(150,22,4,'BALEENDAH'),
	(151,22,5,'SMA'),
	(152,22,6,'11'),
	(153,22,7,'06/09/2002'),
	(154,22,8,'17'),
	(155,23,2,'LAKI-LAKI'),
	(156,23,3,'CIPTIM'),
	(157,23,4,'BALEENDAH'),
	(158,23,5,'LULUS/KERJA'),
	(159,23,6,'LULUS/KERJA'),
	(160,23,7,'20/1/1998'),
	(161,23,8,'-22'),
	(162,24,2,'PEREMPUAN'),
	(163,24,3,'CIPTIM'),
	(164,24,4,'BALEENDAH'),
	(165,24,5,'SMK'),
	(166,24,6,'9'),
	(167,24,7,'25/07/2005'),
	(168,24,8,'14'),
	(169,25,2,'PEREMPUAN'),
	(170,25,3,'CIPTIM'),
	(171,25,4,'BALEENDAH'),
	(172,25,5,''),
	(173,25,6,''),
	(174,25,7,'25/07/2005'),
	(175,25,8,'14'),
	(176,26,2,'LAKI-LAKI'),
	(177,26,3,'CIPTIM'),
	(178,26,4,'BALEENDAH'),
	(179,26,5,'SMP'),
	(180,26,6,'7'),
	(181,26,7,'15/09/2006'),
	(182,26,8,'13'),
	(183,27,2,'LAKI-LAKI'),
	(184,27,3,'CIPTIM'),
	(185,27,4,'BALEENDAH'),
	(186,27,5,'KULIAH'),
	(187,27,6,''),
	(188,27,7,'01/06/1999'),
	(189,27,8,'20'),
	(190,28,2,'PEREMPUAN'),
	(191,28,3,'CIPTIM'),
	(192,28,4,'BALEENDAH'),
	(193,28,5,'LULUS/KERJA'),
	(194,28,6,''),
	(195,28,7,'29/07/2000'),
	(196,28,8,'19'),
	(197,29,2,'LAKI-LAKI'),
	(198,29,3,'CIPTIM'),
	(199,29,4,'BALEENDAH'),
	(200,29,5,'SMK'),
	(201,29,6,'12'),
	(202,29,7,'16/02/2002'),
	(203,29,8,'18'),
	(204,30,2,'LAKI-LAKI'),
	(205,30,3,'CIPTIM'),
	(206,30,4,'BALEENDAH'),
	(207,30,5,'SMK'),
	(208,30,6,'12'),
	(209,30,7,'16/02/2002'),
	(210,30,8,'18'),
	(211,31,2,'PEREMPUAN'),
	(212,31,3,'CIPTIM'),
	(213,31,4,'BALEENDAH'),
	(214,31,5,'SMP'),
	(215,31,6,'9'),
	(216,31,7,'02/04/2005'),
	(217,31,8,'14'),
	(218,32,2,'PEREMPUAN'),
	(219,32,3,'CIPTIM'),
	(220,32,4,'BALEENDAH'),
	(221,32,5,'SMP'),
	(222,32,6,'9'),
	(223,32,7,'02/04/2005'),
	(224,32,8,'14'),
	(225,33,2,'LAKI-LAKI'),
	(226,33,3,'CIPTIM'),
	(227,33,4,'BALEENDAH'),
	(228,33,5,'LULUS/KERJA'),
	(229,33,6,'LULUS/KERJA'),
	(230,33,7,'14/11/1999'),
	(231,33,8,'-20'),
	(232,34,2,'PEREMPUAN'),
	(233,34,3,'CIPTIM'),
	(234,34,4,'BALEENDAH'),
	(235,34,5,'SMK'),
	(236,34,6,'11'),
	(237,34,7,'04/05/2002'),
	(238,34,8,'17'),
	(239,35,2,'LAKI-LAKI'),
	(240,35,3,'CIPTIM'),
	(241,35,4,'BALEENDAH'),
	(242,35,5,'LULUS/KERJA'),
	(243,35,6,''),
	(244,35,7,'12/01/2001'),
	(245,35,8,'19'),
	(246,36,2,''),
	(247,36,3,'CIPTIM'),
	(248,36,4,'BALEENDAH'),
	(249,36,5,''),
	(250,36,6,''),
	(251,36,7,''),
	(252,36,8,'0'),
	(253,37,2,'PEREMPUAN'),
	(254,37,3,'CIPTIM'),
	(255,37,4,'BALEENDAH'),
	(256,37,5,''),
	(257,37,6,''),
	(258,37,7,''),
	(259,37,8,'0'),
	(260,38,2,'PEREMPUAN'),
	(261,38,3,'CIPTIM'),
	(262,38,4,'BALEENDAH'),
	(263,38,5,'SMK'),
	(264,38,6,'10'),
	(265,38,7,'27/02/2003'),
	(266,38,8,'17'),
	(267,39,2,'PEREMPUAN'),
	(268,39,3,'CIPTIM'),
	(269,39,4,'BALEENDAH'),
	(270,39,5,'LULUS/KERJA'),
	(271,39,6,''),
	(272,39,7,'26/01/2001'),
	(273,39,8,'-19'),
	(274,40,2,'PEREMPUAN'),
	(275,40,3,'CIPTIM'),
	(276,40,4,'BALEENDAH'),
	(277,40,5,'KULIAH'),
	(278,40,6,''),
	(279,40,7,'27/4/1998'),
	(280,40,8,'-21'),
	(281,41,2,'PEREMPUAN'),
	(282,41,3,'CIPTIM'),
	(283,41,4,'BALEENDAH'),
	(284,41,5,'SMK'),
	(285,41,6,'11'),
	(286,41,7,'24/09/2003'),
	(287,41,8,'16'),
	(288,42,2,'LAKI-LAKI'),
	(289,42,3,'CIPTIM'),
	(290,42,4,'BALEENDAH'),
	(291,42,5,'KULIAH'),
	(292,42,6,'4'),
	(293,42,7,'9/8/1991'),
	(294,42,8,'-28'),
	(295,43,2,'PEREMPUAN'),
	(296,43,3,'CIPTIM'),
	(297,43,4,'BALEENDAH'),
	(298,43,5,'SMA'),
	(299,43,6,'11'),
	(300,43,7,'02/05/2003'),
	(301,43,8,'16'),
	(302,44,2,'PEREMPUAN'),
	(303,44,3,'CIPTIM'),
	(304,44,4,'BALEENDAH'),
	(305,44,5,'SMK'),
	(306,44,6,''),
	(307,44,7,'22/11/2001'),
	(308,44,8,'-18'),
	(309,45,2,'PEREMPUAN'),
	(310,45,3,'CIPTIM'),
	(311,45,4,'BALEENDAH'),
	(312,45,5,'SMK'),
	(313,45,6,'12'),
	(314,45,7,'22/11/2001'),
	(315,45,8,'18'),
	(316,46,2,'PEREMPUAN'),
	(317,46,3,'CIPTIM'),
	(318,46,4,'BALEENDAH'),
	(319,46,5,'SMK'),
	(320,46,6,'11'),
	(321,46,7,'17/11/2002'),
	(322,46,8,'17'),
	(323,47,2,'PEREMPUAN'),
	(324,47,3,'CIPTIM'),
	(325,47,4,'BALEENDAH'),
	(326,47,5,'KULIAH'),
	(327,47,6,''),
	(328,47,7,'24/05/2000'),
	(329,47,8,'19'),
	(330,48,2,'PEREMPUAN'),
	(331,48,3,'CIPTIM'),
	(332,48,4,'BALEENDAH'),
	(333,48,5,'SMK'),
	(334,48,6,''),
	(335,48,7,'22/9/2001'),
	(336,48,8,'-18'),
	(337,49,2,'LAKI-LAKI'),
	(338,49,3,'CIPTIM'),
	(339,49,4,'BALEENDAH'),
	(340,49,5,'LULUS/KERJA'),
	(341,49,6,''),
	(342,49,7,'4/11/1997'),
	(343,49,8,'-22'),
	(344,50,2,'PEREMPUAN'),
	(345,50,3,'CIPTIM'),
	(346,50,4,'BALEENDAH'),
	(347,50,5,''),
	(348,50,6,''),
	(349,50,7,''),
	(350,50,8,'0'),
	(351,51,2,'PEREMPUAN'),
	(352,51,3,'DAYEUHKOLOT'),
	(353,51,4,'BALEENDAH'),
	(354,51,5,'KULIAH'),
	(355,51,6,''),
	(356,51,7,'1/10/1996'),
	(357,51,8,'-23'),
	(358,52,2,'LAKI-LAKI'),
	(359,52,3,'DAYEUHKOLOT'),
	(360,52,4,'BALEENDAH'),
	(361,52,5,''),
	(362,52,6,''),
	(363,52,7,'31/12/1992'),
	(364,52,8,'27'),
	(365,53,2,'LAKI-LAKI'),
	(366,53,3,'DAYEUHKOLOT'),
	(367,53,4,'BALEENDAH'),
	(368,53,5,'LULUS/KERJA'),
	(369,53,6,'LULUS/KERJA'),
	(370,53,7,'7/10/1992'),
	(371,53,8,'-27'),
	(372,54,2,'PEREMPUAN'),
	(373,54,3,'DAYEUHKOLOT'),
	(374,54,4,'BALEENDAH'),
	(375,54,5,'SMK'),
	(376,54,6,'12'),
	(377,54,7,'22/01/2000'),
	(378,54,8,'-20'),
	(379,55,2,'LAKI-LAKI'),
	(380,55,3,'DAYEUHKOLOT'),
	(381,55,4,'BALEENDAH'),
	(382,55,5,''),
	(383,55,6,''),
	(384,55,7,''),
	(385,55,8,'0'),
	(386,56,2,'PEREMPUAN'),
	(387,56,3,'DAYEUHKOLOT'),
	(388,56,4,'BALEENDAH'),
	(389,56,5,'KULIAH'),
	(390,56,6,''),
	(391,56,7,''),
	(392,56,8,'0'),
	(393,57,2,'PEREMPUAN'),
	(394,57,3,'DAYEUHKOLOT'),
	(395,57,4,'BALEENDAH'),
	(396,57,5,'KULIAH'),
	(397,57,6,'2'),
	(398,57,7,'15/01/2001'),
	(399,57,8,'-19'),
	(400,58,2,'PEREMPUAN'),
	(401,58,3,'DAYEUHKOLOT'),
	(402,58,4,'BALEENDAH'),
	(403,58,5,'SMA'),
	(404,58,6,'12'),
	(405,58,7,'24/10/2001'),
	(406,58,8,'18'),
	(407,59,2,'PEREMPUAN'),
	(408,59,3,'DAYEUHKOLOT'),
	(409,59,4,'BALEENDAH'),
	(410,59,5,'LULUS/KERJA'),
	(411,59,6,''),
	(412,59,7,'20/03/1997'),
	(413,59,8,'22'),
	(414,60,2,'PEREMPUAN'),
	(415,60,3,'DAYEUHKOLOT'),
	(416,60,4,'BALEENDAH'),
	(417,60,5,'SMA'),
	(418,60,6,'12'),
	(419,60,7,''),
	(420,60,8,'0'),
	(421,61,2,'PEREMPUAN'),
	(422,61,3,'DAYEUHKOLOT'),
	(423,61,4,'BALEENDAH'),
	(424,61,5,'LULUS/KERJA'),
	(425,61,6,''),
	(426,61,7,''),
	(427,61,8,'0'),
	(428,62,2,''),
	(429,62,3,'DAYEUHKOLOT'),
	(430,62,4,'BALEENDAH'),
	(431,62,5,''),
	(432,62,6,''),
	(433,62,7,''),
	(434,62,8,'0'),
	(435,63,2,'PEREMPUAN'),
	(436,63,3,'KERTAMANAH'),
	(437,63,4,'BALEENDAH'),
	(438,63,5,''),
	(439,63,6,''),
	(440,63,7,''),
	(441,63,8,'0'),
	(442,64,2,'PEREMPUAN'),
	(443,64,3,'KERTAMANAH'),
	(444,64,4,'BALEENDAH'),
	(445,64,5,'KULIAH'),
	(446,64,6,'2'),
	(447,64,7,'8/11/2001'),
	(448,64,8,'-18'),
	(449,65,2,'LAKI-LAKI'),
	(450,65,3,'KERTAMANAH'),
	(451,65,4,'BALEENDAH'),
	(452,65,5,'KULIAH'),
	(453,65,6,''),
	(454,65,7,'01/03/2000'),
	(455,65,8,'20'),
	(456,66,2,'PEREMPUAN'),
	(457,66,3,'KERTAMANAH'),
	(458,66,4,'BALEENDAH'),
	(459,66,5,'SMA'),
	(460,66,6,'12'),
	(461,66,7,'25/5/2001'),
	(462,66,8,'-18'),
	(463,67,2,'LAKI-LAKI'),
	(464,67,3,'KERTAMANAH'),
	(465,67,4,'BALEENDAH'),
	(466,67,5,''),
	(467,67,6,''),
	(468,67,7,''),
	(469,67,8,'0'),
	(470,68,2,'LAKI-LAKI'),
	(471,68,3,'KERTAMANAH'),
	(472,68,4,'BALEENDAH'),
	(473,68,5,''),
	(474,68,6,''),
	(475,68,7,''),
	(476,68,8,'0'),
	(477,69,2,'PEREMPUAN'),
	(478,69,3,'KERTAMANAH'),
	(479,69,4,'BALEENDAH'),
	(480,69,5,'SMK'),
	(481,69,6,'11'),
	(482,69,7,'04/04/2003'),
	(483,69,8,'16'),
	(484,70,2,'PEREMPUAN'),
	(485,70,3,'KERTAMANAH'),
	(486,70,4,'BALEENDAH'),
	(487,70,5,'SMP'),
	(488,70,6,''),
	(489,70,7,'05/09/2005'),
	(490,70,8,'14'),
	(491,71,2,'PEREMPUAN'),
	(492,71,3,'KERTAMANAH'),
	(493,71,4,'BALEENDAH'),
	(494,71,5,''),
	(495,71,6,''),
	(496,71,7,''),
	(497,71,8,'0'),
	(498,72,2,'LAKI-LAKI'),
	(499,72,3,'MANGGAHANG'),
	(500,72,4,'BALEENDAH'),
	(501,72,5,'LULUS/KERJA'),
	(502,72,6,''),
	(503,72,7,'31/OKTOBER/2000'),
	(504,72,8,'NaN'),
	(505,73,2,'PEREMPUAN'),
	(506,73,3,'MANGGAHANG'),
	(507,73,4,'BALEENDAH'),
	(508,73,5,'SMP'),
	(509,73,6,'9'),
	(510,73,7,''),
	(511,73,8,'0'),
	(512,74,2,'PEREMPUAN'),
	(513,74,3,'MANGGAHANG'),
	(514,74,4,'BALEENDAH'),
	(515,74,5,'SMP'),
	(516,74,6,'9'),
	(517,74,7,''),
	(518,74,8,'0'),
	(519,75,2,'LAKI-LAKI'),
	(520,75,3,'MANGGAHANG'),
	(521,75,4,'BALEENDAH'),
	(522,75,5,'LULUS/KERJA'),
	(523,75,6,''),
	(524,75,7,''),
	(525,75,8,'0'),
	(526,76,2,'LAKI-LAKI'),
	(527,76,3,'MUNJUL'),
	(528,76,4,'BALEENDAH'),
	(529,76,5,''),
	(530,76,6,''),
	(531,76,7,'10/06/2006'),
	(532,76,8,'13'),
	(533,77,2,'LAKI-LAKI'),
	(534,77,3,'MUNJUL'),
	(535,77,4,'BALEENDAH'),
	(536,77,5,''),
	(537,77,6,''),
	(538,77,7,''),
	(539,77,8,'0'),
	(540,78,2,'LAKI-LAKI'),
	(541,78,3,'MUNJUL'),
	(542,78,4,'BALEENDAH'),
	(543,78,5,'SMP'),
	(544,78,6,'9'),
	(545,78,7,''),
	(546,78,8,'0'),
	(547,79,2,'LAKI-LAKI'),
	(548,79,3,'MUNJUL'),
	(549,79,4,'BALEENDAH'),
	(550,79,5,'SMP'),
	(551,79,6,'9'),
	(552,79,7,''),
	(553,79,8,'0'),
	(554,80,2,'LAKI-LAKI'),
	(555,80,3,'MUNJUL'),
	(556,80,4,'BALEENDAH'),
	(557,80,5,'SMP'),
	(558,80,6,'9'),
	(559,80,7,''),
	(560,80,8,'0'),
	(561,81,2,'LAKI-LAKI'),
	(562,81,3,'MUNJUL'),
	(563,81,4,'BALEENDAH'),
	(564,81,5,''),
	(565,81,6,''),
	(566,81,7,''),
	(567,81,8,'0'),
	(568,82,2,'PEREMPUAN'),
	(569,82,3,'MUNJUL'),
	(570,82,4,'BALEENDAH'),
	(571,82,5,'SMK'),
	(572,82,6,''),
	(573,82,7,'22/2/2002'),
	(574,82,8,'-18'),
	(575,83,2,'PEREMPUAN'),
	(576,83,3,'MUNJUL'),
	(577,83,4,'BALEENDAH'),
	(578,83,5,'SMK'),
	(579,83,6,'12'),
	(580,83,7,'22/02/2002'),
	(581,83,8,'18'),
	(582,84,2,'PEREMPUAN'),
	(583,84,3,'MUNJUL'),
	(584,84,4,'BALEENDAH'),
	(585,84,5,''),
	(586,84,6,''),
	(587,84,7,''),
	(588,84,8,'0'),
	(589,85,2,'LAKI-LAKI'),
	(590,85,3,'MUNJUL'),
	(591,85,4,'BALEENDAH'),
	(592,85,5,''),
	(593,85,6,''),
	(594,85,7,''),
	(595,85,8,'0'),
	(596,86,2,'LAKI-LAKI'),
	(597,86,3,'MUNJUL'),
	(598,86,4,'BALEENDAH'),
	(599,86,5,''),
	(600,86,6,''),
	(601,86,7,'7/10/1999'),
	(602,86,8,'-20'),
	(603,87,2,'LAKI-LAKI'),
	(604,87,3,'PALASARI'),
	(605,87,4,'BALEENDAH'),
	(606,87,5,'LULUS/KERJA'),
	(607,87,6,'12'),
	(608,87,7,'06/06/2000'),
	(609,87,8,'19'),
	(610,88,2,'LAKI-LAKI'),
	(611,88,3,'PALASARI'),
	(612,88,4,'BALEENDAH'),
	(613,88,5,'SMP'),
	(614,88,6,'7'),
	(615,88,7,'04/01/2008'),
	(616,88,8,'12'),
	(617,89,2,'PEREMPUAN'),
	(618,89,3,'PALASARI'),
	(619,89,4,'BALEENDAH'),
	(620,89,5,'SMK'),
	(621,89,6,'12'),
	(622,89,7,'11/04/2000'),
	(623,89,8,'19'),
	(624,90,2,'PEREMPUAN'),
	(625,90,3,'PALASARI'),
	(626,90,4,'BALEENDAH'),
	(627,90,5,'SMP'),
	(628,90,6,'9'),
	(629,90,7,'17/05/2006'),
	(630,90,8,'13'),
	(631,91,2,'PEREMPUAN'),
	(632,91,3,'PALASARI'),
	(633,91,4,'BALEENDAH'),
	(634,91,5,'SMP'),
	(635,91,6,'9'),
	(636,91,7,'17/05/2006'),
	(637,91,8,'13'),
	(638,92,2,'PEREMPUAN'),
	(639,92,3,'PALASARI'),
	(640,92,4,'BALEENDAH'),
	(641,92,5,'SMP'),
	(642,92,6,'9'),
	(643,92,7,'07/05/2000'),
	(644,92,8,'19'),
	(645,93,2,'PEREMPUAN'),
	(646,93,3,'PALASARI'),
	(647,93,4,'BALEENDAH'),
	(648,93,5,''),
	(649,93,6,''),
	(650,93,7,'13/08/1999'),
	(651,93,8,'20'),
	(652,94,2,'LAKI-LAKI'),
	(653,94,3,'PALASARI'),
	(654,94,4,'BALEENDAH'),
	(655,94,5,'SMK'),
	(656,94,6,'12'),
	(657,94,7,'11/1/1998'),
	(658,94,8,'-22'),
	(659,95,2,'PEREMPUAN'),
	(660,95,3,'PALASARI'),
	(661,95,4,'BALEENDAH'),
	(662,95,5,'SMK'),
	(663,95,6,'12'),
	(664,95,7,''),
	(665,95,8,'0'),
	(666,96,2,'PEREMPUAN'),
	(667,96,3,'PALASARI'),
	(668,96,4,'BALEENDAH'),
	(669,96,5,'SMP'),
	(670,96,6,'8'),
	(671,96,7,'01/05/2006'),
	(672,96,8,'13'),
	(673,97,2,'LAKI-LAKI'),
	(674,97,3,'PALASARI'),
	(675,97,4,'BALEENDAH'),
	(676,97,5,''),
	(677,97,6,''),
	(678,97,7,''),
	(679,97,8,'0'),
	(680,98,2,'PEREMPUAN'),
	(681,98,3,'PALASARI'),
	(682,98,4,'BALEENDAH'),
	(683,98,5,''),
	(684,98,6,''),
	(685,98,7,''),
	(686,98,8,'0'),
	(687,99,2,'PEREMPUAN'),
	(688,99,3,'PALASARI'),
	(689,99,4,'BALEENDAH'),
	(690,99,5,'SMP'),
	(691,99,6,'9'),
	(692,99,7,''),
	(693,99,8,'0'),
	(694,100,2,'LAKI-LAKI'),
	(695,100,3,'PALASARI'),
	(696,100,4,'BALEENDAH'),
	(697,100,5,''),
	(698,100,6,''),
	(699,100,7,'03/01/1999'),
	(700,100,8,'21'),
	(701,101,2,'LAKI-LAKI'),
	(702,101,3,'PPM'),
	(703,101,4,'BALEENDAH'),
	(704,101,5,'KULIAH'),
	(705,101,6,''),
	(706,101,7,''),
	(707,101,8,'0'),
	(708,102,2,'LAKI-LAKI'),
	(709,102,3,'PPM'),
	(710,102,4,'BALEENDAH'),
	(711,102,5,'KULIAH'),
	(712,102,6,''),
	(713,102,7,''),
	(714,102,8,'0'),
	(715,103,2,'LAKI-LAKI'),
	(716,103,3,'PPM'),
	(717,103,4,'BALEENDAH'),
	(718,103,5,'KULIAH'),
	(719,103,6,'1'),
	(720,103,7,'25/3/2001'),
	(721,103,8,'-18'),
	(722,104,2,'LAKI-LAKI'),
	(723,104,3,'PPM'),
	(724,104,4,'BALEENDAH'),
	(725,104,5,'KULIAH'),
	(726,104,6,''),
	(727,104,7,''),
	(728,104,8,'0'),
	(729,105,2,'LAKI-LAKI'),
	(730,105,3,'PPM'),
	(731,105,4,'BALEENDAH'),
	(732,105,5,'KULIAH'),
	(733,105,6,''),
	(734,105,7,'21/10/1999'),
	(735,105,8,'-20'),
	(736,106,2,'LAKI-LAKI'),
	(737,106,3,'PPM'),
	(738,106,4,'BALEENDAH'),
	(739,106,5,'KULIAH'),
	(740,106,6,''),
	(741,106,7,''),
	(742,106,8,'0'),
	(743,107,2,'LAKI-LAKI'),
	(744,107,3,'PPM'),
	(745,107,4,'BALEENDAH'),
	(746,107,5,'KULIAH'),
	(747,107,6,''),
	(748,107,7,''),
	(749,107,8,'0'),
	(750,108,2,'LAKI-LAKI'),
	(751,108,3,'PPM'),
	(752,108,4,'BALEENDAH'),
	(753,108,5,'KULIAH'),
	(754,108,6,''),
	(755,108,7,'null/null/NaN'),
	(756,108,8,'NaN'),
	(757,109,2,'LAKI-LAKI'),
	(758,109,3,'PPM'),
	(759,109,4,'BALEENDAH'),
	(760,109,5,'KULIAH'),
	(761,109,6,''),
	(762,109,7,''),
	(763,109,8,'0'),
	(764,110,2,'LAKI-LAKI'),
	(765,110,3,'PPM'),
	(766,110,4,'BALEENDAH'),
	(767,110,5,'KULIAH'),
	(768,110,6,''),
	(769,110,7,''),
	(770,110,8,'0'),
	(771,111,2,'LAKI-LAKI'),
	(772,111,3,'PPM'),
	(773,111,4,'BALEENDAH'),
	(774,111,5,'KULIAH'),
	(775,111,6,'1'),
	(776,111,7,'15/4/2000'),
	(777,111,8,'-19'),
	(778,112,2,'LAKI-LAKI'),
	(779,112,3,'PPM'),
	(780,112,4,'BALEENDAH'),
	(781,112,5,'KULIAH'),
	(782,112,6,'2'),
	(783,112,7,'16/3/2001'),
	(784,112,8,'-18'),
	(785,113,2,'LAKI-LAKI'),
	(786,113,3,'PPM'),
	(787,113,4,'BALEENDAH'),
	(788,113,5,'KULIAH'),
	(789,113,6,''),
	(790,113,7,''),
	(791,113,8,'0'),
	(792,114,2,'LAKI-LAKI'),
	(793,114,3,'PPM'),
	(794,114,4,'BALEENDAH'),
	(795,114,5,'KULIAH'),
	(796,114,6,''),
	(797,114,7,''),
	(798,114,8,'0'),
	(799,115,2,'LAKI-LAKI'),
	(800,115,3,'PPM'),
	(801,115,4,'BALEENDAH'),
	(802,115,5,'SMP'),
	(803,115,6,'7'),
	(804,115,7,'28/11/1999'),
	(805,115,8,'-20'),
	(806,116,2,'LAKI-LAKI'),
	(807,116,3,'PPM'),
	(808,116,4,'BALEENDAH'),
	(809,116,5,'KULIAH'),
	(810,116,6,''),
	(811,116,7,''),
	(812,116,8,'0'),
	(813,117,2,'LAKI-LAKI'),
	(814,117,3,'PPM'),
	(815,117,4,'BALEENDAH'),
	(816,117,5,'KULIAH'),
	(817,117,6,'1'),
	(818,117,7,'20/2/2000'),
	(819,117,8,'-20'),
	(820,118,2,'LAKI-LAKI'),
	(821,118,3,'PPM'),
	(822,118,4,'BALEENDAH'),
	(823,118,5,'KULIAH'),
	(824,118,6,''),
	(825,118,7,''),
	(826,118,8,'0'),
	(827,119,2,'LAKI-LAKI'),
	(828,119,3,'PPM'),
	(829,119,4,'BALEENDAH'),
	(830,119,5,'KULIAH'),
	(831,119,6,'2'),
	(832,119,7,'26/10/1999'),
	(833,119,8,'-20'),
	(834,120,2,'LAKI-LAKI'),
	(835,120,3,'PPM'),
	(836,120,4,'BALEENDAH'),
	(837,120,5,'KULIAH'),
	(838,120,6,''),
	(839,120,7,''),
	(840,120,8,'0'),
	(841,121,2,'LAKI-LAKI'),
	(842,121,3,'PPM'),
	(843,121,4,'BALEENDAH'),
	(844,121,5,'KULIAH'),
	(845,121,6,''),
	(846,121,7,''),
	(847,121,8,'0'),
	(848,122,2,'LAKI-LAKI'),
	(849,122,3,'PPM'),
	(850,122,4,'BALEENDAH'),
	(851,122,5,'KULIAH'),
	(852,122,6,''),
	(853,122,7,'9/8/1991'),
	(854,122,8,'-28'),
	(855,123,2,'LAKI-LAKI'),
	(856,123,3,'PPM'),
	(857,123,4,'BALEENDAH'),
	(858,123,5,'KULIAH'),
	(859,123,6,'2'),
	(860,123,7,'5/6/2000'),
	(861,123,8,'-19'),
	(862,124,2,'LAKI-LAKI'),
	(863,124,3,'PPM'),
	(864,124,4,'BALEENDAH'),
	(865,124,5,'KULIAH'),
	(866,124,6,''),
	(867,124,7,''),
	(868,124,8,'0'),
	(869,125,2,'LAKI-LAKI'),
	(870,125,3,'PPM'),
	(871,125,4,'BALEENDAH'),
	(872,125,5,'KULIAH'),
	(873,125,6,''),
	(874,125,7,'9/8/1991'),
	(875,125,8,'-28'),
	(876,126,2,'LAKI-LAKI'),
	(877,126,3,'PPM'),
	(878,126,4,'BALEENDAH'),
	(879,126,5,'KULIAH'),
	(880,126,6,'2'),
	(881,126,7,'9/12/2000'),
	(882,126,8,'-19'),
	(883,127,2,'LAKI-LAKI'),
	(884,127,3,'PPM'),
	(885,127,4,'BALEENDAH'),
	(886,127,5,'KULIAH'),
	(887,127,6,''),
	(888,127,7,''),
	(889,127,8,'0'),
	(890,128,2,'LAKI-LAKI'),
	(891,128,3,'PPM'),
	(892,128,4,'BALEENDAH'),
	(893,128,5,'KULIAH'),
	(894,128,6,''),
	(895,128,7,''),
	(896,128,8,'0'),
	(897,129,2,'LAKI-LAKI'),
	(898,129,3,'PPM'),
	(899,129,4,'BALEENDAH'),
	(900,129,5,'KULIAH'),
	(901,129,6,'2'),
	(902,129,7,'16/12/1999'),
	(903,129,8,'-20'),
	(904,130,2,'LAKI-LAKI'),
	(905,130,3,'PPM'),
	(906,130,4,'BALEENDAH'),
	(907,130,5,'KULIAH'),
	(908,130,6,''),
	(909,130,7,''),
	(910,130,8,'0'),
	(911,131,2,'LAKI-LAKI'),
	(912,131,3,'PPM'),
	(913,131,4,'BALEENDAH'),
	(914,131,5,'KULIAH'),
	(915,131,6,'4'),
	(916,131,7,'17/3/1997'),
	(917,131,8,'-22'),
	(918,132,2,'LAKI-LAKI'),
	(919,132,3,'PPM'),
	(920,132,4,'BALEENDAH'),
	(921,132,5,'KULIAH'),
	(922,132,6,'4'),
	(923,132,7,'null/null/NaN'),
	(924,132,8,'NaN'),
	(925,133,2,'LAKI-LAKI'),
	(926,133,3,'PPM'),
	(927,133,4,'BALEENDAH'),
	(928,133,5,'KULIAH'),
	(929,133,6,''),
	(930,133,7,''),
	(931,133,8,'0'),
	(932,134,2,'LAKI-LAKI'),
	(933,134,3,'PPM'),
	(934,134,4,'BALEENDAH'),
	(935,134,5,'KULIAH'),
	(936,134,6,'3'),
	(937,134,7,'13/7/1999'),
	(938,134,8,'-20'),
	(939,135,2,'LAKI-LAKI'),
	(940,135,3,'PPM'),
	(941,135,4,'BALEENDAH'),
	(942,135,5,'KULIAH'),
	(943,135,6,''),
	(944,135,7,'13/3/1994'),
	(945,135,8,'-26'),
	(946,136,2,'LAKI-LAKI'),
	(947,136,3,'PPM'),
	(948,136,4,'BALEENDAH'),
	(949,136,5,'KULIAH'),
	(950,136,6,''),
	(951,136,7,''),
	(952,136,8,'0'),
	(953,137,2,'LAKI-LAKI'),
	(954,137,3,'PPM'),
	(955,137,4,'BALEENDAH'),
	(956,137,5,'KULIAH'),
	(957,137,6,''),
	(958,137,7,''),
	(959,137,8,'0'),
	(960,138,2,'LAKI-LAKI'),
	(961,138,3,'PPM'),
	(962,138,4,'BALEENDAH'),
	(963,138,5,'KULIAH'),
	(964,138,6,''),
	(965,138,7,''),
	(966,138,8,'0'),
	(967,139,2,'LAKI-LAKI'),
	(968,139,3,'PPM'),
	(969,139,4,'BALEENDAH'),
	(970,139,5,'KULIAH'),
	(971,139,6,'3'),
	(972,139,7,'4/4/2020'),
	(973,139,8,'0'),
	(974,140,2,'LAKI-LAKI'),
	(975,140,3,'PPM'),
	(976,140,4,'BALEENDAH'),
	(977,140,5,'KULIAH'),
	(978,140,6,'3'),
	(979,140,7,'28/11/1999'),
	(980,140,8,'-20'),
	(981,141,2,'LAKI-LAKI'),
	(982,141,3,'PPM'),
	(983,141,4,'BALEENDAH'),
	(984,141,5,'KULIAH'),
	(985,141,6,''),
	(986,141,7,''),
	(987,141,8,'0'),
	(988,142,2,'LAKI-LAKI'),
	(989,142,3,'PPM'),
	(990,142,4,'BALEENDAH'),
	(991,142,5,'KULIAH'),
	(992,142,6,''),
	(993,142,7,''),
	(994,142,8,'0'),
	(995,143,2,'LAKI-LAKI'),
	(996,143,3,'PPM'),
	(997,143,4,'BALEENDAH'),
	(998,143,5,'KULIAH'),
	(999,143,6,''),
	(1000,143,7,''),
	(1001,143,8,'0'),
	(1002,144,2,'LAKI-LAKI'),
	(1003,144,3,'PPM'),
	(1004,144,4,'BALEENDAH'),
	(1005,144,5,'KULIAH'),
	(1006,144,6,''),
	(1007,144,7,'null/null/'),
	(1008,144,8,'NaN'),
	(1009,145,2,'LAKI-LAKI'),
	(1010,145,3,'PPM'),
	(1011,145,4,'BALEENDAH'),
	(1012,145,5,'KULIAH'),
	(1013,145,6,''),
	(1014,145,7,''),
	(1015,145,8,'0'),
	(1016,146,2,'LAKI-LAKI'),
	(1017,146,3,'PPM'),
	(1018,146,4,'BALEENDAH'),
	(1019,146,5,'KULIAH'),
	(1020,146,6,''),
	(1021,146,7,'null/null/NaN'),
	(1022,146,8,'NaN'),
	(1023,147,2,'LAKI-LAKI'),
	(1024,147,3,'PPM'),
	(1025,147,4,'BALEENDAH'),
	(1026,147,5,'KULIAH'),
	(1027,147,6,''),
	(1028,147,7,''),
	(1029,147,8,'0'),
	(1030,148,2,'LAKI-LAKI'),
	(1031,148,3,'PPM'),
	(1032,148,4,'BALEENDAH'),
	(1033,148,5,'KULIAH'),
	(1034,148,6,''),
	(1035,148,7,''),
	(1036,148,8,'0'),
	(1037,149,2,'LAKI-LAKI'),
	(1038,149,3,'PPM'),
	(1039,149,4,'BALEENDAH'),
	(1040,149,5,'KULIAH'),
	(1041,149,6,''),
	(1042,149,7,'10/10/1998'),
	(1043,149,8,'-21'),
	(1044,150,2,'LAKI-LAKI'),
	(1045,150,3,'PPM'),
	(1046,150,4,'BALEENDAH'),
	(1047,150,5,'KULIAH'),
	(1048,150,6,''),
	(1049,150,7,'13/2/1997'),
	(1050,150,8,'-23'),
	(1051,151,2,'LAKI-LAKI'),
	(1052,151,3,'PPM'),
	(1053,151,4,'BALEENDAH'),
	(1054,151,5,'KULIAH'),
	(1055,151,6,'4'),
	(1056,151,7,'null/null/NaN'),
	(1057,151,8,'NaN'),
	(1058,152,2,'LAKI-LAKI'),
	(1059,152,3,'PPM'),
	(1060,152,4,'BALEENDAH'),
	(1061,152,5,'KULIAH'),
	(1062,152,6,''),
	(1063,152,7,'28/1/1997'),
	(1064,152,8,'-23'),
	(1065,153,2,'LAKI-LAKI'),
	(1066,153,3,'PPM'),
	(1067,153,4,'BALEENDAH'),
	(1068,153,5,'KULIAH'),
	(1069,153,6,''),
	(1070,153,7,'15/12/1996'),
	(1071,153,8,'-23'),
	(1072,154,2,'LAKI-LAKI'),
	(1073,154,3,'PPM'),
	(1074,154,4,'BALEENDAH'),
	(1075,154,5,'KULIAH'),
	(1076,154,6,''),
	(1077,154,7,''),
	(1078,154,8,'0'),
	(1079,155,2,'LAKI-LAKI'),
	(1080,155,3,'PPM'),
	(1081,155,4,'BALEENDAH'),
	(1082,155,5,'KULIAH'),
	(1083,155,6,''),
	(1084,155,7,''),
	(1085,155,8,'0'),
	(1086,156,2,'PEREMPUAN'),
	(1087,156,3,'PPM'),
	(1088,156,4,'BALEENDAH'),
	(1089,156,5,'KULIAH'),
	(1090,156,6,''),
	(1091,156,7,''),
	(1092,156,8,'0'),
	(1093,157,2,'PEREMPUAN'),
	(1094,157,3,'PPM'),
	(1095,157,4,'BALEENDAH'),
	(1096,157,5,'KULIAH'),
	(1097,157,6,''),
	(1098,157,7,''),
	(1099,157,8,'0'),
	(1100,158,2,'PEREMPUAN'),
	(1101,158,3,'PPM'),
	(1102,158,4,'BALEENDAH'),
	(1103,158,5,'KULIAH'),
	(1104,158,6,''),
	(1105,158,7,''),
	(1106,158,8,'0'),
	(1107,159,2,'PEREMPUAN'),
	(1108,159,3,'PPM'),
	(1109,159,4,'BALEENDAH'),
	(1110,159,5,'KULIAH'),
	(1111,159,6,''),
	(1112,159,7,''),
	(1113,159,8,'0'),
	(1114,160,2,'PEREMPUAN'),
	(1115,160,3,'PPM'),
	(1116,160,4,'BALEENDAH'),
	(1117,160,5,'KULIAH'),
	(1118,160,6,''),
	(1119,160,7,''),
	(1120,160,8,'0'),
	(1121,161,2,'PEREMPUAN'),
	(1122,161,3,'PPM'),
	(1123,161,4,'BALEENDAH'),
	(1124,161,5,'KULIAH'),
	(1125,161,6,''),
	(1126,161,7,''),
	(1127,161,8,'0'),
	(1128,162,2,'PEREMPUAN'),
	(1129,162,3,'PPM'),
	(1130,162,4,'BALEENDAH'),
	(1131,162,5,'KULIAH'),
	(1132,162,6,''),
	(1133,162,7,''),
	(1134,162,8,'0'),
	(1135,163,2,'PEREMPUAN'),
	(1136,163,3,'PPM'),
	(1137,163,4,'BALEENDAH'),
	(1138,163,5,'KULIAH'),
	(1139,163,6,''),
	(1140,163,7,''),
	(1141,163,8,'0'),
	(1142,164,2,'PEREMPUAN'),
	(1143,164,3,'PPM'),
	(1144,164,4,'BALEENDAH'),
	(1145,164,5,'KULIAH'),
	(1146,164,6,''),
	(1147,164,7,''),
	(1148,164,8,'0'),
	(1149,165,2,'PEREMPUAN'),
	(1150,165,3,'PPM'),
	(1151,165,4,'BALEENDAH'),
	(1152,165,5,'KULIAH'),
	(1153,165,6,''),
	(1154,165,7,''),
	(1155,165,8,'0'),
	(1156,166,2,'PEREMPUAN'),
	(1157,166,3,'PPM'),
	(1158,166,4,'BALEENDAH'),
	(1159,166,5,'KULIAH'),
	(1160,166,6,''),
	(1161,166,7,''),
	(1162,166,8,'0'),
	(1163,167,2,'PEREMPUAN'),
	(1164,167,3,'PPM'),
	(1165,167,4,'BALEENDAH'),
	(1166,167,5,'KULIAH'),
	(1167,167,6,''),
	(1168,167,7,''),
	(1169,167,8,'0'),
	(1170,168,2,'PEREMPUAN'),
	(1171,168,3,'PPM'),
	(1172,168,4,'BALEENDAH'),
	(1173,168,5,'KULIAH'),
	(1174,168,6,''),
	(1175,168,7,''),
	(1176,168,8,'0'),
	(1177,169,2,'PEREMPUAN'),
	(1178,169,3,'PPM'),
	(1179,169,4,'BALEENDAH'),
	(1180,169,5,'KULIAH'),
	(1181,169,6,''),
	(1182,169,7,''),
	(1183,169,8,'0'),
	(1184,170,2,'PEREMPUAN'),
	(1185,170,3,'PPM'),
	(1186,170,4,'BALEENDAH'),
	(1187,170,5,'KULIAH'),
	(1188,170,6,''),
	(1189,170,7,''),
	(1190,170,8,'0'),
	(1191,171,2,'PEREMPUAN'),
	(1192,171,3,'PPM'),
	(1193,171,4,'BALEENDAH'),
	(1194,171,5,'KULIAH'),
	(1195,171,6,''),
	(1196,171,7,''),
	(1197,171,8,'0'),
	(1198,172,2,'PEREMPUAN'),
	(1199,172,3,'PPM'),
	(1200,172,4,'BALEENDAH'),
	(1201,172,5,'KULIAH'),
	(1202,172,6,''),
	(1203,172,7,''),
	(1204,172,8,'0'),
	(1205,173,2,'PEREMPUAN'),
	(1206,173,3,'PPM'),
	(1207,173,4,'BALEENDAH'),
	(1208,173,5,'KULIAH'),
	(1209,173,6,''),
	(1210,173,7,''),
	(1211,173,8,'0'),
	(1212,174,2,'PEREMPUAN'),
	(1213,174,3,'PPM'),
	(1214,174,4,'BALEENDAH'),
	(1215,174,5,'KULIAH'),
	(1216,174,6,''),
	(1217,174,7,''),
	(1218,174,8,'0'),
	(1219,175,2,'PEREMPUAN'),
	(1220,175,3,'PPM'),
	(1221,175,4,'BALEENDAH'),
	(1222,175,5,'KULIAH'),
	(1223,175,6,''),
	(1224,175,7,''),
	(1225,175,8,'0'),
	(1226,176,2,'PEREMPUAN'),
	(1227,176,3,'PPM'),
	(1228,176,4,'BALEENDAH'),
	(1229,176,5,'KULIAH'),
	(1230,176,6,''),
	(1231,176,7,''),
	(1232,176,8,'0'),
	(1233,177,2,'PEREMPUAN'),
	(1234,177,3,'PPM'),
	(1235,177,4,'BALEENDAH'),
	(1236,177,5,'KULIAH'),
	(1237,177,6,''),
	(1238,177,7,''),
	(1239,177,8,'0'),
	(1240,178,2,'PEREMPUAN'),
	(1241,178,3,'PPM'),
	(1242,178,4,'BALEENDAH'),
	(1243,178,5,'KULIAH'),
	(1244,178,6,''),
	(1245,178,7,''),
	(1246,178,8,'0'),
	(1247,179,2,'PEREMPUAN'),
	(1248,179,3,'PPM'),
	(1249,179,4,'BALEENDAH'),
	(1250,179,5,'KULIAH'),
	(1251,179,6,''),
	(1252,179,7,''),
	(1253,179,8,'0'),
	(1254,180,2,'PEREMPUAN'),
	(1255,180,3,'PPM'),
	(1256,180,4,'BALEENDAH'),
	(1257,180,5,'KULIAH'),
	(1258,180,6,''),
	(1259,180,7,''),
	(1260,180,8,'0'),
	(1261,181,2,'PEREMPUAN'),
	(1262,181,3,'PPM'),
	(1263,181,4,'BALEENDAH'),
	(1264,181,5,'KULIAH'),
	(1265,181,6,''),
	(1266,181,7,'null/null/NaN'),
	(1267,181,8,'NaN'),
	(1268,182,2,'PEREMPUAN'),
	(1269,182,3,'PPM'),
	(1270,182,4,'BALEENDAH'),
	(1271,182,5,'KULIAH'),
	(1272,182,6,''),
	(1273,182,7,''),
	(1274,182,8,'0'),
	(1275,183,2,'PEREMPUAN'),
	(1276,183,3,'PPM'),
	(1277,183,4,'BALEENDAH'),
	(1278,183,5,'KULIAH'),
	(1279,183,6,''),
	(1280,183,7,''),
	(1281,183,8,'0'),
	(1282,184,2,'PEREMPUAN'),
	(1283,184,3,'PPM'),
	(1284,184,4,'BALEENDAH'),
	(1285,184,5,'KULIAH'),
	(1286,184,6,''),
	(1287,184,7,'10/1/2002'),
	(1288,184,8,'-18'),
	(1289,185,2,'PEREMPUAN'),
	(1290,185,3,'PPM'),
	(1291,185,4,'BALEENDAH'),
	(1292,185,5,'KULIAH'),
	(1293,185,6,''),
	(1294,185,7,''),
	(1295,185,8,'0'),
	(1296,186,2,'PEREMPUAN'),
	(1297,186,3,'PPM'),
	(1298,186,4,'BALEENDAH'),
	(1299,186,5,'KULIAH'),
	(1300,186,6,''),
	(1301,186,7,''),
	(1302,186,8,'0'),
	(1303,187,2,'PEREMPUAN'),
	(1304,187,3,'PPM'),
	(1305,187,4,'BALEENDAH'),
	(1306,187,5,'KULIAH'),
	(1307,187,6,''),
	(1308,187,7,''),
	(1309,187,8,'0'),
	(1310,188,2,'PEREMPUAN'),
	(1311,188,3,'PPM'),
	(1312,188,4,'BALEENDAH'),
	(1313,188,5,'KULIAH'),
	(1314,188,6,''),
	(1315,188,7,''),
	(1316,188,8,'0'),
	(1317,189,2,'PEREMPUAN'),
	(1318,189,3,'PPM'),
	(1319,189,4,'BALEENDAH'),
	(1320,189,5,'KULIAH'),
	(1321,189,6,''),
	(1322,189,7,''),
	(1323,189,8,'0'),
	(1324,190,2,'PEREMPUAN'),
	(1325,190,3,'PPM'),
	(1326,190,4,'BALEENDAH'),
	(1327,190,5,'KULIAH'),
	(1328,190,6,''),
	(1329,190,7,''),
	(1330,190,8,'0'),
	(1331,191,2,'PEREMPUAN'),
	(1332,191,3,'PPM'),
	(1333,191,4,'BALEENDAH'),
	(1334,191,5,'KULIAH'),
	(1335,191,6,''),
	(1336,191,7,''),
	(1337,191,8,'0'),
	(1338,192,2,'PEREMPUAN'),
	(1339,192,3,'PPM'),
	(1340,192,4,'BALEENDAH'),
	(1341,192,5,'KULIAH'),
	(1342,192,6,''),
	(1343,192,7,'9/8/1991'),
	(1344,192,8,'-28'),
	(1345,193,2,'PEREMPUAN'),
	(1346,193,3,'PPM'),
	(1347,193,4,'BALEENDAH'),
	(1348,193,5,'KULIAH'),
	(1349,193,6,''),
	(1350,193,7,''),
	(1351,193,8,'0'),
	(1352,194,2,'PEREMPUAN'),
	(1353,194,3,'PPM'),
	(1354,194,4,'BALEENDAH'),
	(1355,194,5,'KULIAH'),
	(1356,194,6,''),
	(1357,194,7,''),
	(1358,194,8,'0'),
	(1359,195,2,'PEREMPUAN'),
	(1360,195,3,'PPM'),
	(1361,195,4,'BALEENDAH'),
	(1362,195,5,'KULIAH'),
	(1363,195,6,''),
	(1364,195,7,''),
	(1365,195,8,'0'),
	(1366,196,2,'PEREMPUAN'),
	(1367,196,3,'PPM'),
	(1368,196,4,'BALEENDAH'),
	(1369,196,5,'KULIAH'),
	(1370,196,6,''),
	(1371,196,7,''),
	(1372,196,8,'0'),
	(1373,197,2,'PEREMPUAN'),
	(1374,197,3,'PPM'),
	(1375,197,4,'BALEENDAH'),
	(1376,197,5,'KULIAH'),
	(1377,197,6,''),
	(1378,197,7,''),
	(1379,197,8,'0'),
	(1380,198,2,'PEREMPUAN'),
	(1381,198,3,'PPM'),
	(1382,198,4,'BALEENDAH'),
	(1383,198,5,'KULIAH'),
	(1384,198,6,''),
	(1385,198,7,''),
	(1386,198,8,'0'),
	(1387,199,2,'PEREMPUAN'),
	(1388,199,3,'PPM'),
	(1389,199,4,'BALEENDAH'),
	(1390,199,5,'KULIAH'),
	(1391,199,6,''),
	(1392,199,7,''),
	(1393,199,8,'0'),
	(1394,200,2,'PEREMPUAN'),
	(1395,200,3,'PPM'),
	(1396,200,4,'BALEENDAH'),
	(1397,200,5,'KULIAH'),
	(1398,200,6,''),
	(1399,200,7,''),
	(1400,200,8,'0'),
	(1401,201,2,'PEREMPUAN'),
	(1402,201,3,'PPM'),
	(1403,201,4,'BALEENDAH'),
	(1404,201,5,'KULIAH'),
	(1405,201,6,''),
	(1406,201,7,'10/1/2002'),
	(1407,201,8,'-18'),
	(1408,202,2,'PEREMPUAN'),
	(1409,202,3,'PPM'),
	(1410,202,4,'BALEENDAH'),
	(1411,202,5,'KULIAH'),
	(1412,202,6,''),
	(1413,202,7,''),
	(1414,202,8,'0'),
	(1415,203,2,'PEREMPUAN'),
	(1416,203,3,'PPM'),
	(1417,203,4,'BALEENDAH'),
	(1418,203,5,'KULIAH'),
	(1419,203,6,''),
	(1420,203,7,'10/1/2002'),
	(1421,203,8,'-18'),
	(1422,204,2,'PEREMPUAN'),
	(1423,204,3,'PPM'),
	(1424,204,4,'BALEENDAH'),
	(1425,204,5,'KULIAH'),
	(1426,204,6,''),
	(1427,204,7,''),
	(1428,204,8,'0'),
	(1429,205,2,'PEREMPUAN'),
	(1430,205,3,'PPM'),
	(1431,205,4,'BALEENDAH'),
	(1432,205,5,'KULIAH'),
	(1433,205,6,''),
	(1434,205,7,''),
	(1435,205,8,'0'),
	(1436,206,2,'PEREMPUAN'),
	(1437,206,3,'PPM'),
	(1438,206,4,'BALEENDAH'),
	(1439,206,5,'KULIAH'),
	(1440,206,6,''),
	(1441,206,7,''),
	(1442,206,8,'0'),
	(1443,207,2,'PEREMPUAN'),
	(1444,207,3,'PPM'),
	(1445,207,4,'BALEENDAH'),
	(1446,207,5,'KULIAH'),
	(1447,207,6,''),
	(1448,207,7,''),
	(1449,207,8,'0'),
	(1450,208,2,'PEREMPUAN'),
	(1451,208,3,'PPM'),
	(1452,208,4,'BALEENDAH'),
	(1453,208,5,'KULIAH'),
	(1454,208,6,''),
	(1455,208,7,''),
	(1456,208,8,'0'),
	(1457,209,2,'LAKI-LAKI'),
	(1458,209,3,'PONDOK'),
	(1459,209,4,'BALEENDAH'),
	(1460,209,5,'LULUS/KERJA'),
	(1461,209,6,'LULUS/KERJA'),
	(1462,209,7,'2/4/2001'),
	(1463,209,8,'-18'),
	(1464,210,2,'LAKI-LAKI'),
	(1465,210,3,'PONDOK'),
	(1466,210,4,'BALEENDAH'),
	(1467,210,5,'LULUS/KERJA'),
	(1468,210,6,''),
	(1469,210,7,''),
	(1470,210,8,'20'),
	(1471,211,2,'LAKI-LAKI'),
	(1472,211,3,'PONDOK'),
	(1473,211,4,'BALEENDAH'),
	(1474,211,5,'LULUS/KERJA'),
	(1475,211,6,''),
	(1476,211,7,''),
	(1477,211,8,'19'),
	(1478,212,2,'LAKI-LAKI'),
	(1479,212,3,'PONDOK'),
	(1480,212,4,'BALEENDAH'),
	(1481,212,5,'LULUS/KERJA'),
	(1482,212,6,'LULUS/KERJA'),
	(1483,212,7,'19/3/NaN'),
	(1484,212,8,'0'),
	(1485,213,2,'LAKI-LAKI'),
	(1486,213,3,'PONDOK'),
	(1487,213,4,'BALEENDAH'),
	(1488,213,5,'LULUS/KERJA'),
	(1489,213,6,'LULUS/KERJA'),
	(1490,213,7,'4/10/2000'),
	(1491,213,8,'-19'),
	(1492,214,2,'LAKI-LAKI'),
	(1493,214,3,'PONDOK'),
	(1494,214,4,'BALEENDAH'),
	(1495,214,5,'LULUS/KERJA'),
	(1496,214,6,'LULUS/KERJA'),
	(1497,214,7,'11/3/2001'),
	(1498,214,8,'-19'),
	(1499,215,2,'LAKI-LAKI'),
	(1500,215,3,''),
	(1501,215,4,'BALEENDAH'),
	(1502,215,5,'LULUS/KERJA'),
	(1503,215,6,''),
	(1504,215,7,'NaN/NaN/NaN'),
	(1505,215,8,'NaN'),
	(1506,216,2,'LAKI-LAKI'),
	(1507,216,3,''),
	(1508,216,4,'BALEENDAH'),
	(1509,216,5,'LULUS/KERJA'),
	(1510,216,6,''),
	(1511,216,7,'NaN/NaN/NaN'),
	(1512,216,8,'NaN'),
	(1513,217,2,'LAKI-LAKI'),
	(1514,217,3,'PONDOK'),
	(1515,217,4,'BALEENDAH'),
	(1516,217,5,'LULUS/KERJA'),
	(1517,217,6,''),
	(1518,217,7,'28/1/2001'),
	(1519,217,8,'-19'),
	(1520,218,2,'LAKI-LAKI'),
	(1521,218,3,''),
	(1522,218,4,'BALEENDAH'),
	(1523,218,5,'LULUS/KERJA'),
	(1524,218,6,''),
	(1525,218,7,'NaN/NaN/NaN'),
	(1526,218,8,'NaN'),
	(1527,219,2,'LAKI-LAKI'),
	(1528,219,3,'BURUJUL'),
	(1529,219,4,'SAYATI'),
	(1530,219,5,'SMK'),
	(1531,219,6,'12'),
	(1532,219,7,'18/12/1996'),
	(1533,219,8,'-23'),
	(1534,220,2,'LAKI-LAKI'),
	(1535,220,3,'PONDOK'),
	(1536,220,4,'BALEENDAH'),
	(1537,220,5,'LULUS/KERJA'),
	(1538,220,6,''),
	(1539,220,7,'5/9/2001'),
	(1540,220,8,'-18'),
	(1541,221,2,'LAKI-LAKI'),
	(1542,221,3,'PONDOK'),
	(1543,221,4,'BALEENDAH'),
	(1544,221,5,'LULUS/KERJA'),
	(1545,221,6,'LULUS/KERJA'),
	(1546,221,7,'22/2/2000'),
	(1547,221,8,'-20'),
	(1548,222,2,'LAKI-LAKI'),
	(1549,222,3,'PONDOK'),
	(1550,222,4,'BALEENDAH'),
	(1551,222,5,'LULUS/KERJA'),
	(1552,222,6,''),
	(1553,222,7,'25/7/1999'),
	(1554,222,8,'-20'),
	(1555,223,2,'LAKI-LAKI'),
	(1556,223,3,''),
	(1557,223,4,'BALEENDAH'),
	(1558,223,5,'LULUS/KERJA'),
	(1559,223,6,'LULUS/KERJA'),
	(1560,223,7,'09/06/2000'),
	(1561,223,8,'-19'),
	(1562,224,2,'LAKI-LAKI'),
	(1563,224,3,'PONDOK'),
	(1564,224,4,'BALEENDAH'),
	(1565,224,5,'LULUS/KERJA'),
	(1566,224,6,'LULUS/KERJA'),
	(1567,224,7,'27/9/2000'),
	(1568,224,8,'-19'),
	(1569,225,2,'LAKI-LAKI'),
	(1570,225,3,'PONDOK'),
	(1571,225,4,'BALEENDAH'),
	(1572,225,5,'LULUS/KERJA'),
	(1573,225,6,''),
	(1574,225,7,''),
	(1575,225,8,'19'),
	(1576,226,2,'LAKI-LAKI'),
	(1577,226,3,'PONDOK'),
	(1578,226,4,'BALEENDAH'),
	(1579,226,5,'LULUS/KERJA'),
	(1580,226,6,''),
	(1581,226,7,'23/8/2001N'),
	(1582,226,8,'-18'),
	(1583,227,2,'LAKI-LAKI'),
	(1584,227,3,'PONDOK'),
	(1585,227,4,'BALEENDAH'),
	(1586,227,5,'LULUS/KERJA'),
	(1587,227,6,''),
	(1588,227,7,'2/2/2002'),
	(1589,227,8,'-18'),
	(1590,228,2,'PEREMPUAN'),
	(1591,228,3,'PONDOK'),
	(1592,228,4,'BALEENDAH'),
	(1593,228,5,'LULUS/KERJA'),
	(1594,228,6,''),
	(1595,228,7,''),
	(1596,228,8,''),
	(1597,229,2,'PEREMPUAN'),
	(1598,229,3,'CIPBAR'),
	(1599,229,4,'BALEENDAH'),
	(1600,229,5,'SMK'),
	(1601,229,6,'12'),
	(1602,229,7,'27/APRIL/2000'),
	(1603,229,8,'NaN'),
	(1604,230,2,'PEREMPUAN'),
	(1605,230,3,'CIPBAR'),
	(1606,230,4,'BALEENDAH'),
	(1607,230,5,'SMP'),
	(1608,230,6,'9'),
	(1609,230,7,'12/MARET/2001'),
	(1610,230,8,'NaN'),
	(1611,231,2,'PEREMPUAN'),
	(1612,231,3,'PONDOK'),
	(1613,231,4,'BALEENDAH'),
	(1614,231,5,'LULUS/KERJA'),
	(1615,231,6,''),
	(1616,231,7,'6/4/2000'),
	(1617,231,8,'-19'),
	(1618,232,2,'PEREMPUAN'),
	(1619,232,3,'PONDOK'),
	(1620,232,4,'BALEENDAH'),
	(1621,232,5,'LULUS/KERJA'),
	(1622,232,6,''),
	(1623,232,7,''),
	(1624,232,8,''),
	(1625,233,2,'PEREMPUAN'),
	(1626,233,3,'PONDOK'),
	(1627,233,4,'BALEENDAH'),
	(1628,233,5,'LULUS/KERJA'),
	(1629,233,6,''),
	(1630,233,7,''),
	(1631,233,8,''),
	(1632,234,2,'PEREMPUAN'),
	(1633,234,3,'PONDOK'),
	(1634,234,4,'BALEENDAH'),
	(1635,234,5,'LULUS/KERJA'),
	(1636,234,6,''),
	(1637,234,7,''),
	(1638,234,8,''),
	(1639,235,2,'PEREMPUAN'),
	(1640,235,3,'PONDOK'),
	(1641,235,4,'BALEENDAH'),
	(1642,235,5,'LULUS/KERJA'),
	(1643,235,6,''),
	(1644,235,7,''),
	(1645,235,8,''),
	(1646,236,2,'LAKI-LAKI'),
	(1647,236,3,'CIJULANG'),
	(1648,236,4,'BANJARAN'),
	(1649,236,5,'SMP'),
	(1650,236,6,'9'),
	(1651,236,7,''),
	(1652,236,8,'0'),
	(1653,237,2,'LAKI-LAKI'),
	(1654,237,3,'CIJULANG'),
	(1655,237,4,'BANJARAN'),
	(1656,237,5,'SMP'),
	(1657,237,6,'9'),
	(1658,237,7,''),
	(1659,237,8,'0'),
	(1660,238,2,'LAKI-LAKI'),
	(1661,238,3,'CIJULANG'),
	(1662,238,4,'BANJARAN'),
	(1663,238,5,'SMP'),
	(1664,238,6,'9'),
	(1665,238,7,''),
	(1666,238,8,'0'),
	(1667,239,2,'PEREMPUAN'),
	(1668,239,3,'CIMAUNG'),
	(1669,239,4,'BANJARAN'),
	(1670,239,5,'SMP'),
	(1671,239,6,'7'),
	(1672,239,7,''),
	(1673,239,8,'0'),
	(1674,240,2,'LAKI-LAKI'),
	(1675,240,3,'CIMAUNG'),
	(1676,240,4,'BANJARAN'),
	(1677,240,5,'SMA'),
	(1678,240,6,'12'),
	(1679,240,7,''),
	(1680,240,8,'0'),
	(1681,241,2,'LAKI-LAKI'),
	(1682,241,3,'CIMAUNG'),
	(1683,241,4,'BANJARAN'),
	(1684,241,5,'SMP'),
	(1685,241,6,'9'),
	(1686,241,7,''),
	(1687,241,8,'0'),
	(1688,242,2,'LAKI-LAKI'),
	(1689,242,3,'CIMAUNG'),
	(1690,242,4,'BANJARAN'),
	(1691,242,5,'SMK'),
	(1692,242,6,'11'),
	(1693,242,7,''),
	(1694,242,8,'0'),
	(1695,243,2,'PEREMPUAN'),
	(1696,243,3,'CIMAUNG'),
	(1697,243,4,'BANJARAN'),
	(1698,243,5,'LULUS/KERJA'),
	(1699,243,6,''),
	(1700,243,7,''),
	(1701,243,8,'0'),
	(1702,244,2,'LAKI-LAKI'),
	(1703,244,3,'CIMAUNG'),
	(1704,244,4,'BANJARAN'),
	(1705,244,5,'LULUS/KERJA'),
	(1706,244,6,''),
	(1707,244,7,''),
	(1708,244,8,'0'),
	(1709,245,2,'PEREMPUAN'),
	(1710,245,3,'CIMAUNG'),
	(1711,245,4,'BANJARAN'),
	(1712,245,5,'SMP'),
	(1713,245,6,'7'),
	(1714,245,7,''),
	(1715,245,8,'0'),
	(1716,246,2,'PEREMPUAN'),
	(1717,246,3,'CIMAUNG'),
	(1718,246,4,'BANJARAN'),
	(1719,246,5,''),
	(1720,246,6,''),
	(1721,246,7,''),
	(1722,246,8,'0'),
	(1723,247,2,'LAKI-LAKI'),
	(1724,247,3,'CIMAUNG'),
	(1725,247,4,'BANJARAN'),
	(1726,247,5,'SMP'),
	(1727,247,6,'9'),
	(1728,247,7,''),
	(1729,247,8,'0'),
	(1730,248,2,'PEREMPUAN'),
	(1731,248,3,'CIMAUNG'),
	(1732,248,4,'BANJARAN'),
	(1733,248,5,'LULUS/KERJA'),
	(1734,248,6,''),
	(1735,248,7,''),
	(1736,248,8,'0'),
	(1737,249,2,'LAKI-LAKI'),
	(1738,249,3,'NAMBO'),
	(1739,249,4,'BANJARAN'),
	(1740,249,5,''),
	(1741,249,6,''),
	(1742,249,7,''),
	(1743,249,8,'0'),
	(1744,250,2,''),
	(1745,250,3,'NAMBO'),
	(1746,250,4,'BANJARAN'),
	(1747,250,5,''),
	(1748,250,6,''),
	(1749,250,7,''),
	(1750,250,8,'0'),
	(1751,251,2,'LAKI-LAKI'),
	(1752,251,3,'NAMBO'),
	(1753,251,4,'BANJARAN'),
	(1754,251,5,'SMK'),
	(1755,251,6,'12'),
	(1756,251,7,''),
	(1757,251,8,'0'),
	(1758,252,2,'LAKI-LAKI'),
	(1759,252,3,'NAMBO'),
	(1760,252,4,'BANJARAN'),
	(1761,252,5,'SMK'),
	(1762,252,6,'12'),
	(1763,252,7,'3/1/2002'),
	(1764,252,8,'-18'),
	(1765,253,2,'LAKI-LAKI'),
	(1766,253,3,'NAMBO'),
	(1767,253,4,'BANJARAN'),
	(1768,253,5,'SMK'),
	(1769,253,6,'12'),
	(1770,253,7,''),
	(1771,253,8,'0'),
	(1772,254,2,'LAKI-LAKI'),
	(1773,254,3,'NAMBO'),
	(1774,254,4,'BANJARAN'),
	(1775,254,5,'SMP'),
	(1776,254,6,'9'),
	(1777,254,7,'12/01/2005'),
	(1778,254,8,'15'),
	(1779,255,2,'PEREMPUAN'),
	(1780,255,3,'NAMBO'),
	(1781,255,4,'BANJARAN'),
	(1782,255,5,'SMP'),
	(1783,255,6,'8'),
	(1784,255,7,'08/07/2006'),
	(1785,255,8,'13'),
	(1786,256,2,'LAKI-LAKI'),
	(1787,256,3,'NAMBO'),
	(1788,256,4,'BANJARAN'),
	(1789,256,5,'SMK'),
	(1790,256,6,'12'),
	(1791,256,7,''),
	(1792,256,8,'0'),
	(1793,257,2,'PEREMPUAN'),
	(1794,257,3,'NAMBO'),
	(1795,257,4,'BANJARAN'),
	(1796,257,5,'LULUS/KERJA'),
	(1797,257,6,''),
	(1798,257,7,'25/4/1998'),
	(1799,257,8,'-21'),
	(1800,258,2,'LAKI-LAKI'),
	(1801,258,3,'NAMBO'),
	(1802,258,4,'BANJARAN'),
	(1803,258,5,''),
	(1804,258,6,''),
	(1805,258,7,'19/10/2004'),
	(1806,258,8,'15'),
	(1807,259,2,'PEREMPUAN'),
	(1808,259,3,'NAMBO'),
	(1809,259,4,'BANJARAN'),
	(1810,259,5,'LULUS/KERJA'),
	(1811,259,6,''),
	(1812,259,7,'18/11/1998'),
	(1813,259,8,'21'),
	(1814,260,2,'LAKI-LAKI'),
	(1815,260,3,'NAMBO'),
	(1816,260,4,'BANJARAN'),
	(1817,260,5,'SMA'),
	(1818,260,6,'12'),
	(1819,260,7,''),
	(1820,260,8,'0'),
	(1821,261,2,'PEREMPUAN'),
	(1822,261,3,'NAMBO'),
	(1823,261,4,'BANJARAN'),
	(1824,261,5,'KULIAH'),
	(1825,261,6,''),
	(1826,261,7,'31/4/2000'),
	(1827,261,8,'NaN'),
	(1828,262,2,'LAKI-LAKI'),
	(1829,262,3,'NAMBO'),
	(1830,262,4,'BANJARAN'),
	(1831,262,5,'SMP'),
	(1832,262,6,'9'),
	(1833,262,7,''),
	(1834,262,8,'0'),
	(1835,263,2,'LAKI-LAKI'),
	(1836,263,3,'NAMBO'),
	(1837,263,4,'BANJARAN'),
	(1838,263,5,'SMK'),
	(1839,263,6,'12'),
	(1840,263,7,''),
	(1841,263,8,'0'),
	(1842,264,2,'LAKI-LAKI'),
	(1843,264,3,'NAMBO'),
	(1844,264,4,'BANJARAN'),
	(1845,264,5,'SMP'),
	(1846,264,6,'9'),
	(1847,264,7,''),
	(1848,264,8,'0'),
	(1849,265,2,'LAKI-LAKI'),
	(1850,265,3,'NAMBO'),
	(1851,265,4,'BANJARAN'),
	(1852,265,5,'SMP'),
	(1853,265,6,'12'),
	(1854,265,7,''),
	(1855,265,8,'0'),
	(1856,266,2,'LAKI-LAKI'),
	(1857,266,3,'NAMBO'),
	(1858,266,4,'BANJARAN'),
	(1859,266,5,'LULUS/KERJA'),
	(1860,266,6,''),
	(1861,266,7,'NaN/NaN/NaN'),
	(1862,266,8,'NaN'),
	(1863,267,2,'LAKI-LAKI'),
	(1864,267,3,'NAMBO'),
	(1865,267,4,'BANJARAN'),
	(1866,267,5,'SMK'),
	(1867,267,6,'12'),
	(1868,267,7,'13/05/2003'),
	(1869,267,8,'16'),
	(1870,268,2,'LAKI-LAKI'),
	(1871,268,3,'PANGALENGAN'),
	(1872,268,4,'BANJARAN'),
	(1873,268,5,'SMP'),
	(1874,268,6,'9'),
	(1875,268,7,''),
	(1876,268,8,'0'),
	(1877,269,2,'PEREMPUAN'),
	(1878,269,3,'PANGALENGAN'),
	(1879,269,4,'BANJARAN'),
	(1880,269,5,'SMP'),
	(1881,269,6,'9'),
	(1882,269,7,''),
	(1883,269,8,'0'),
	(1884,270,2,'PEREMPUAN'),
	(1885,270,3,'PANGALENGAN'),
	(1886,270,4,'BANJARAN'),
	(1887,270,5,'SMP'),
	(1888,270,6,'9'),
	(1889,270,7,''),
	(1890,270,8,'0'),
	(1891,271,2,'LAKI-LAKI'),
	(1892,271,3,'PANGALENGAN'),
	(1893,271,4,'BANJARAN'),
	(1894,271,5,'SMP'),
	(1895,271,6,'9'),
	(1896,271,7,''),
	(1897,271,8,'0'),
	(1898,272,2,'LAKI-LAKI'),
	(1899,272,3,'PANGALENGAN'),
	(1900,272,4,'BANJARAN'),
	(1901,272,5,'LULUS/KERJA'),
	(1902,272,6,''),
	(1903,272,7,'28/04/1998'),
	(1904,272,8,'21'),
	(1905,273,2,'PEREMPUAN'),
	(1906,273,3,'PANGALENGAN'),
	(1907,273,4,'BANJARAN'),
	(1908,273,5,'SMP'),
	(1909,273,6,'9'),
	(1910,273,7,''),
	(1911,273,8,'0'),
	(1912,274,2,'PEREMPUAN'),
	(1913,274,3,'PANGALENGAN'),
	(1914,274,4,'BANJARAN'),
	(1915,274,5,'SMP'),
	(1916,274,6,'9'),
	(1917,274,7,''),
	(1918,274,8,'0'),
	(1919,275,2,'LAKI-LAKI'),
	(1920,275,3,'PANGALENGAN'),
	(1921,275,4,'BANJARAN'),
	(1922,275,5,'SMP'),
	(1923,275,6,'9'),
	(1924,275,7,''),
	(1925,275,8,'0'),
	(1926,276,2,'LAKI-LAKI'),
	(1927,276,3,'PANGALENGAN'),
	(1928,276,4,'BANJARAN'),
	(1929,276,5,'SMA'),
	(1930,276,6,'12'),
	(1931,276,7,''),
	(1932,276,8,'0'),
	(1933,277,2,'PEREMPUAN'),
	(1934,277,3,'NAMBO'),
	(1935,277,4,'BANJARAN'),
	(1936,277,5,'LULUS/KERJA'),
	(1937,277,6,'LULUS/KERJA'),
	(1938,277,7,'23/JANUARI/1995'),
	(1939,277,8,'NaN'),
	(1940,278,2,'PEREMPUAN'),
	(1941,278,3,'CIMAUNG'),
	(1942,278,4,'BANJARAN'),
	(1943,278,5,'LULUS/KERJA'),
	(1944,278,6,''),
	(1945,278,7,''),
	(1946,278,8,'0'),
	(1947,279,2,'PEREMPUAN'),
	(1948,279,3,'CIMAUNG'),
	(1949,279,4,'BANJARAN'),
	(1950,279,5,'KULIAH'),
	(1951,279,6,''),
	(1952,279,7,''),
	(1953,279,8,'0'),
	(1954,280,2,'LAKI-LAKI'),
	(1955,280,3,'CIMAUNG'),
	(1956,280,4,'BANJARAN'),
	(1957,280,5,'KULIAH'),
	(1958,280,6,''),
	(1959,280,7,''),
	(1960,280,8,'0'),
	(1961,281,2,'PEREMPUAN'),
	(1962,281,3,'CIDAWOLONG'),
	(1963,281,4,'CIPARAY'),
	(1964,281,5,'SMP'),
	(1965,281,6,'9'),
	(1966,281,7,'23/04/2004'),
	(1967,281,8,'15'),
	(1968,282,2,'LAKI-LAKI'),
	(1969,282,3,'CIPAKU'),
	(1970,282,4,'CIPARAY'),
	(1971,282,5,'SMK'),
	(1972,282,6,'12'),
	(1973,282,7,''),
	(1974,282,8,'0'),
	(1975,283,2,'PEREMPUAN'),
	(1976,283,3,'KBSI'),
	(1977,283,4,'CIPARAY'),
	(1978,283,5,''),
	(1979,283,6,''),
	(1980,283,7,'NaN/NaN/NaN'),
	(1981,283,8,'NaN'),
	(1982,284,2,'LAKI-LAKI'),
	(1983,284,3,'BARUJATI'),
	(1984,284,4,'CIPARAY'),
	(1985,284,5,'SMA'),
	(1986,284,6,'11'),
	(1987,284,7,'06/06/2003'),
	(1988,284,8,'16'),
	(1989,285,2,'PEREMPUAN'),
	(1990,285,3,'BARUJATI'),
	(1991,285,4,'CIPARAY'),
	(1992,285,5,'LULUS/KERJA'),
	(1993,285,6,''),
	(1994,285,7,'21/01/2000'),
	(1995,285,8,'20'),
	(1996,286,2,'PEREMPUAN'),
	(1997,286,3,'BARUJATI'),
	(1998,286,4,'CIPARAY'),
	(1999,286,5,'SMP'),
	(2000,286,6,'9'),
	(2001,286,7,'13/05/2005'),
	(2002,286,8,'14'),
	(2003,287,2,'PEREMPUAN'),
	(2004,287,3,'BARUJATI'),
	(2005,287,4,'CIPARAY'),
	(2006,287,5,'SMA'),
	(2007,287,6,'12'),
	(2008,287,7,'16/10/2002'),
	(2009,287,8,'17'),
	(2010,288,2,'PEREMPUAN'),
	(2011,288,3,'CIPAKU'),
	(2012,288,4,'CIPARAY'),
	(2013,288,5,'SMA'),
	(2014,288,6,'10'),
	(2015,288,7,'05/03/2004'),
	(2016,288,8,'16'),
	(2017,289,2,'PEREMPUAN'),
	(2018,289,3,'KBSI'),
	(2019,289,4,'CIPARAY'),
	(2020,289,5,'LULUS/KERJA'),
	(2021,289,6,''),
	(2022,289,7,''),
	(2023,289,8,'0'),
	(2024,290,2,'PEREMPUAN'),
	(2025,290,3,'KBSI'),
	(2026,290,4,'CIPARAY'),
	(2027,290,5,'SMA'),
	(2028,290,6,''),
	(2029,290,7,'29/10/2001'),
	(2030,290,8,'-18'),
	(2031,291,2,'PEREMPUAN'),
	(2032,291,3,'BARUJATI'),
	(2033,291,4,'CIPARAY'),
	(2034,291,5,'SMP'),
	(2035,291,6,'8'),
	(2036,291,7,''),
	(2037,291,8,'0'),
	(2038,292,2,'LAKI-LAKI'),
	(2039,292,3,'CIPAKU'),
	(2040,292,4,'CIPARAY'),
	(2041,292,5,'LULUS/KERJA'),
	(2042,292,6,'LULUS/KERJA'),
	(2043,292,7,'2/10/1997'),
	(2044,292,8,'-22'),
	(2045,293,2,'LAKI-LAKI'),
	(2046,293,3,'CIDAWOLONG'),
	(2047,293,4,'CIPARAY'),
	(2048,293,5,'SMP'),
	(2049,293,6,'12'),
	(2050,293,7,''),
	(2051,293,8,'0'),
	(2052,294,2,'LAKI-LAKI'),
	(2053,294,3,'BARUJATI'),
	(2054,294,4,'CIPARAY'),
	(2055,294,5,'SMA'),
	(2056,294,6,'10'),
	(2057,294,7,''),
	(2058,294,8,'0'),
	(2059,295,2,'LAKI-LAKI'),
	(2060,295,3,'CIPAKU'),
	(2061,295,4,'CIPARAY'),
	(2062,295,5,'SMP'),
	(2063,295,6,'8'),
	(2064,295,7,''),
	(2065,295,8,'0'),
	(2066,296,2,'LAKI-LAKI'),
	(2067,296,3,'CIPAKU'),
	(2068,296,4,'CIPARAY'),
	(2069,296,5,'SMP'),
	(2070,296,6,'9'),
	(2071,296,7,''),
	(2072,296,8,'0'),
	(2073,297,2,'LAKI-LAKI'),
	(2074,297,3,'CIPAKU'),
	(2075,297,4,'CIPARAY'),
	(2076,297,5,'SMP'),
	(2077,297,6,'7'),
	(2078,297,7,''),
	(2079,297,8,'0'),
	(2080,298,2,'LAKI-LAKI'),
	(2081,298,3,'CIPAKU'),
	(2082,298,4,'CIPARAY'),
	(2083,298,5,'SMP'),
	(2084,298,6,'9'),
	(2085,298,7,''),
	(2086,298,8,'0'),
	(2087,299,2,'PEREMPUAN'),
	(2088,299,3,'CIDAWOLONG'),
	(2089,299,4,'CIPARAY'),
	(2090,299,5,'SMP'),
	(2091,299,6,'9'),
	(2092,299,7,''),
	(2093,299,8,'0'),
	(2094,300,2,'PEREMPUAN'),
	(2095,300,3,'CIDAWOLONG'),
	(2096,300,4,'CIPARAY'),
	(2097,300,5,'KULIAH'),
	(2098,300,6,''),
	(2099,300,7,'19/NaN/NaN'),
	(2100,300,8,'0'),
	(2101,301,2,'LAKI-LAKI'),
	(2102,301,3,'BARUJATI'),
	(2103,301,4,'CIPARAY'),
	(2104,301,5,'SMP'),
	(2105,301,6,'8'),
	(2106,301,7,''),
	(2107,301,8,'0'),
	(2108,302,2,'LAKI-LAKI'),
	(2109,302,3,'CIDAWOLONG'),
	(2110,302,4,'CIPARAY'),
	(2111,302,5,'SMP'),
	(2112,302,6,'9'),
	(2113,302,7,'12/07/2004'),
	(2114,302,8,'15'),
	(2115,303,2,'LAKI-LAKI'),
	(2116,303,3,'BARUJATI'),
	(2117,303,4,'CIPARAY'),
	(2118,303,5,'LULUS/KERJA'),
	(2119,303,6,''),
	(2120,303,7,'17/01/2001'),
	(2121,303,8,'19'),
	(2122,304,2,'PEREMPUAN'),
	(2123,304,3,'CIPAKU'),
	(2124,304,4,'CIPARAY'),
	(2125,304,5,'SMP'),
	(2126,304,6,'9'),
	(2127,304,7,''),
	(2128,304,8,'0'),
	(2129,305,2,'PEREMPUAN'),
	(2130,305,3,'CIDAWOLONG'),
	(2131,305,4,'CIPARAY'),
	(2132,305,5,'SMP'),
	(2133,305,6,'9'),
	(2134,305,7,''),
	(2135,305,8,'0'),
	(2136,306,2,'PEREMPUAN'),
	(2137,306,3,'CIDAWOLONG'),
	(2138,306,4,'CIPARAY'),
	(2139,306,5,'SMA'),
	(2140,306,6,'9'),
	(2141,306,7,''),
	(2142,306,8,'0'),
	(2143,307,2,'LAKI-LAKI'),
	(2144,307,3,'CIPAKU'),
	(2145,307,4,'CIPARAY'),
	(2146,307,5,'SMK'),
	(2147,307,6,'12'),
	(2148,307,7,'15/8/2001'),
	(2149,307,8,'-18'),
	(2150,308,2,'PEREMPUAN'),
	(2151,308,3,'CIDAWOLONG'),
	(2152,308,4,'CIPARAY'),
	(2153,308,5,''),
	(2154,308,6,''),
	(2155,308,7,''),
	(2156,308,8,'0'),
	(2157,309,2,'PEREMPUAN'),
	(2158,309,3,'BARUJATI'),
	(2159,309,4,'CIPARAY'),
	(2160,309,5,'SMK'),
	(2161,309,6,'12'),
	(2162,309,7,'10/1/2002'),
	(2163,309,8,'-18'),
	(2164,310,2,'PEREMPUAN'),
	(2165,310,3,'KBSI'),
	(2166,310,4,'CIPARAY'),
	(2167,310,5,''),
	(2168,310,6,''),
	(2169,310,7,''),
	(2170,310,8,'0'),
	(2171,311,2,'PEREMPUAN'),
	(2172,311,3,'KBSI'),
	(2173,311,4,'CIPARAY'),
	(2174,311,5,''),
	(2175,311,6,''),
	(2176,311,7,''),
	(2177,311,8,'0'),
	(2178,312,2,'LAKI-LAKI'),
	(2179,312,3,'CIPAKU'),
	(2180,312,4,'CIPARAY'),
	(2181,312,5,'SMP'),
	(2182,312,6,'8'),
	(2183,312,7,''),
	(2184,312,8,'0'),
	(2185,313,2,'PEREMPUAN'),
	(2186,313,3,'CIPAKU'),
	(2187,313,4,'CIPARAY'),
	(2188,313,5,'SMK'),
	(2189,313,6,'10'),
	(2190,313,7,'20/03/2004'),
	(2191,313,8,'15'),
	(2192,314,2,'PEREMPUAN'),
	(2193,314,3,'KBSI'),
	(2194,314,4,'CIPARAY'),
	(2195,314,5,''),
	(2196,314,6,''),
	(2197,314,7,''),
	(2198,314,8,'0'),
	(2199,315,2,'LAKI-LAKI'),
	(2200,315,3,'KBSI'),
	(2201,315,4,'CIPARAY'),
	(2202,315,5,'LULUS/KERJA'),
	(2203,315,6,''),
	(2204,315,7,'21/05/1997'),
	(2205,315,8,'22'),
	(2206,316,2,'LAKI-LAKI'),
	(2207,316,3,'KBSI'),
	(2208,316,4,'CIPARAY'),
	(2209,316,5,'SMP'),
	(2210,316,6,'9'),
	(2211,316,7,''),
	(2212,316,8,'0'),
	(2213,317,2,'PEREMPUAN'),
	(2214,317,3,'CIDAWOLONG'),
	(2215,317,4,'CIPARAY'),
	(2216,317,5,''),
	(2217,317,6,''),
	(2218,317,7,''),
	(2219,317,8,'0'),
	(2220,318,2,'PEREMPUAN'),
	(2221,318,3,'CIPAKU'),
	(2222,318,4,'CIPARAY'),
	(2223,318,5,'SMK'),
	(2224,318,6,'12'),
	(2225,318,7,'26/3/2002'),
	(2226,318,8,'-17'),
	(2227,319,2,'PEREMPUAN'),
	(2228,319,3,'BARUJATI'),
	(2229,319,4,'CIPARAY'),
	(2230,319,5,'LULUS/KERJA'),
	(2231,319,6,''),
	(2232,319,7,'3/9/2000'),
	(2233,319,8,'-19'),
	(2234,320,2,'LAKI-LAKI'),
	(2235,320,3,'KBSI'),
	(2236,320,4,'CIPARAY'),
	(2237,320,5,'SMP'),
	(2238,320,6,'8'),
	(2239,320,7,''),
	(2240,320,8,'0'),
	(2241,321,2,'LAKI-LAKI'),
	(2242,321,3,'BARUJATI'),
	(2243,321,4,'CIPARAY'),
	(2244,321,5,'SMP'),
	(2245,321,6,'12'),
	(2246,321,7,''),
	(2247,321,8,'0'),
	(2248,322,2,'LAKI-LAKI'),
	(2249,322,3,'CIPAKU'),
	(2250,322,4,'CIPARAY'),
	(2251,322,5,'SMP'),
	(2252,322,6,'9'),
	(2253,322,7,''),
	(2254,322,8,'0'),
	(2255,323,2,'PEREMPUAN'),
	(2256,323,3,'CIPAKU'),
	(2257,323,4,'CIPARAY'),
	(2258,323,5,'SMP'),
	(2259,323,6,'9'),
	(2260,323,7,''),
	(2261,323,8,'0'),
	(2262,324,2,'PEREMPUAN'),
	(2263,324,3,'KBSI'),
	(2264,324,4,'CIPARAY'),
	(2265,324,5,'SMP'),
	(2266,324,6,'8'),
	(2267,324,7,''),
	(2268,324,8,'0'),
	(2269,325,2,'PEREMPUAN'),
	(2270,325,3,'KBSI'),
	(2271,325,4,'CIPARAY'),
	(2272,325,5,'SMP'),
	(2273,325,6,'9'),
	(2274,325,7,''),
	(2275,325,8,'0'),
	(2276,326,2,'PEREMPUAN'),
	(2277,326,3,'BARUJATI'),
	(2278,326,4,'CIPARAY'),
	(2279,326,5,'LULUS/KERJA'),
	(2280,326,6,''),
	(2281,326,7,'30/07/1997'),
	(2282,326,8,'22'),
	(2283,327,2,'LAKI-LAKI'),
	(2284,327,3,'BARUJATI'),
	(2285,327,4,'CIPARAY'),
	(2286,327,5,'SMP'),
	(2287,327,6,'9'),
	(2288,327,7,''),
	(2289,327,8,'0'),
	(2290,328,2,'PEREMPUAN'),
	(2291,328,3,'CIPAKU'),
	(2292,328,4,'CIPARAY'),
	(2293,328,5,'SMA'),
	(2294,328,6,'12'),
	(2295,328,7,'19/08/2000'),
	(2296,328,8,'19'),
	(2297,329,2,'PEREMPUAN'),
	(2298,329,3,'CIDAWOLONG'),
	(2299,329,4,'CIPARAY'),
	(2300,329,5,'SMP'),
	(2301,329,6,'12'),
	(2302,329,7,'21/10/2004'),
	(2303,329,8,'15'),
	(2304,330,2,'LAKI-LAKI'),
	(2305,330,3,'CIPAKU'),
	(2306,330,4,'CIPARAY'),
	(2307,330,5,'LULUS/KERJA'),
	(2308,330,6,''),
	(2309,330,7,'2/11/1996'),
	(2310,330,8,'-23'),
	(2311,331,2,'LAKI-LAKI'),
	(2312,331,3,'CIPAKU'),
	(2313,331,4,'CIPARAY'),
	(2314,331,5,'SMP'),
	(2315,331,6,'8'),
	(2316,331,7,''),
	(2317,331,8,'0'),
	(2318,332,2,'PEREMPUAN'),
	(2319,332,3,'CIPAKU'),
	(2320,332,4,'CIPARAY'),
	(2321,332,5,'LULUS/KERJA'),
	(2322,332,6,''),
	(2323,332,7,'20/6/2001'),
	(2324,332,8,'-18'),
	(2325,333,2,'LAKI-LAKI'),
	(2326,333,3,'CIDAWOLONG'),
	(2327,333,4,'CIPARAY'),
	(2328,333,5,''),
	(2329,333,6,''),
	(2330,333,7,'29/11/2002'),
	(2331,333,8,'17'),
	(2332,334,2,'LAKI-LAKI'),
	(2333,334,3,'CIPAKU'),
	(2334,334,4,'CIPARAY'),
	(2335,334,5,'LULUS/KERJA'),
	(2336,334,6,''),
	(2337,334,7,'24/08/1999'),
	(2338,334,8,'20'),
	(2339,335,2,'LAKI-LAKI'),
	(2340,335,3,'CIPAKU'),
	(2341,335,4,'CIPARAY'),
	(2342,335,5,'SMP'),
	(2343,335,6,'12'),
	(2344,335,7,''),
	(2345,335,8,'0'),
	(2346,336,2,'LAKI-LAKI'),
	(2347,336,3,'BARUJATI'),
	(2348,336,4,'CIPARAY'),
	(2349,336,5,'SMP'),
	(2350,336,6,'9'),
	(2351,336,7,''),
	(2352,336,8,'0'),
	(2353,337,2,'PEREMPUAN'),
	(2354,337,3,'KBSI'),
	(2355,337,4,'CIPARAY'),
	(2356,337,5,'SMA'),
	(2357,337,6,'11'),
	(2358,337,7,''),
	(2359,337,8,'0'),
	(2360,338,2,'PEREMPUAN'),
	(2361,338,3,'KBSI'),
	(2362,338,4,'CIPARAY'),
	(2363,338,5,'SMP'),
	(2364,338,6,'8'),
	(2365,338,7,''),
	(2366,338,8,'0'),
	(2367,339,2,'PEREMPUAN'),
	(2368,339,3,'CIPAKU'),
	(2369,339,4,'CIPARAY'),
	(2370,339,5,'SMA'),
	(2371,339,6,''),
	(2372,339,7,''),
	(2373,339,8,'0'),
	(2374,340,2,'PEREMPUAN'),
	(2375,340,3,'CIPAKU'),
	(2376,340,4,'CIPARAY'),
	(2377,340,5,'LULUS/KERJA'),
	(2378,340,6,''),
	(2379,340,7,'22/2/2000'),
	(2380,340,8,'-20'),
	(2381,341,2,'PEREMPUAN'),
	(2382,341,3,'KBSI'),
	(2383,341,4,'CIPARAY'),
	(2384,341,5,'LULUS/KERJA'),
	(2385,341,6,''),
	(2386,341,7,'8/12/1993'),
	(2387,341,8,'-26'),
	(2388,342,2,'PEREMPUAN'),
	(2389,342,3,'CIPAKU'),
	(2390,342,4,'CIPARAY'),
	(2391,342,5,'LULUS/KERJA'),
	(2392,342,6,''),
	(2393,342,7,'22/2/2000'),
	(2394,342,8,'-20'),
	(2395,343,2,'PEREMPUAN'),
	(2396,343,3,'KBSI'),
	(2397,343,4,'CIPARAY'),
	(2398,343,5,'LULUS/KERJA'),
	(2399,343,6,'LULUS/KERJA'),
	(2400,343,7,'16/AGUSTUS/NaN1993'),
	(2401,343,8,'NaN'),
	(2402,344,2,'LAKI-LAKI'),
	(2403,344,3,'CIPAKU'),
	(2404,344,4,'CIPARAY'),
	(2405,344,5,'KULIAH'),
	(2406,344,6,''),
	(2407,344,7,'08/08/2000'),
	(2408,344,8,'19'),
	(2409,345,2,'PEREMPUAN'),
	(2410,345,3,'CIPAKU'),
	(2411,345,4,'CIPARAY'),
	(2412,345,5,'LULUS/KERJA'),
	(2413,345,6,''),
	(2414,345,7,'27/1/2000'),
	(2415,345,8,'-20'),
	(2416,346,2,'LAKI-LAKI'),
	(2417,346,3,'BARUJATI'),
	(2418,346,4,'CIPARAY'),
	(2419,346,5,'KULIAH'),
	(2420,346,6,''),
	(2421,346,7,'19/02/1997'),
	(2422,346,8,'23'),
	(2423,347,2,'PEREMPUAN'),
	(2424,347,3,'CIPAKU'),
	(2425,347,4,'CIPARAY'),
	(2426,347,5,'LULUS/KERJA'),
	(2427,347,6,''),
	(2428,347,7,'8/5/1996'),
	(2429,347,8,'-23'),
	(2430,348,2,'PEREMPUAN'),
	(2431,348,3,'CIPAKU'),
	(2432,348,4,'CIPARAY'),
	(2433,348,5,'LULUS/KERJA'),
	(2434,348,6,''),
	(2435,348,7,'26/2/1997'),
	(2436,348,8,'-23'),
	(2437,349,2,'LAKI-LAKI'),
	(2438,349,3,'BARUJATI'),
	(2439,349,4,'CIPARAY'),
	(2440,349,5,'KULIAH'),
	(2441,349,6,'10'),
	(2442,349,7,'13/5/1997'),
	(2443,349,8,'-22'),
	(2444,350,2,'LAKI-LAKI'),
	(2445,350,3,'BARUJATI'),
	(2446,350,4,'CIPARAY'),
	(2447,350,5,'KULIAH'),
	(2448,350,6,''),
	(2449,350,7,'19/02/1997'),
	(2450,350,8,'23'),
	(2451,351,2,'LAKI-LAKI'),
	(2452,351,3,'MUARA'),
	(2453,351,4,'MAJALAYA'),
	(2454,351,5,'SMP'),
	(2455,351,6,'9'),
	(2456,351,7,'12/07/2004'),
	(2457,351,8,'15'),
	(2458,352,2,'LAKI-LAKI'),
	(2459,352,3,'SUKMA 2'),
	(2460,352,4,'MAJALAYA'),
	(2461,352,5,'KULIAH'),
	(2462,352,6,''),
	(2463,352,7,'14/11/1997'),
	(2464,352,8,'-22'),
	(2465,353,2,'LAKI-LAKI'),
	(2466,353,3,'PONGPORANG'),
	(2467,353,4,'MAJALAYA'),
	(2468,353,5,'SMA'),
	(2469,353,6,'12'),
	(2470,353,7,'12/03/2001'),
	(2471,353,8,'19'),
	(2472,354,2,'LAKI-LAKI'),
	(2473,354,3,'PONGPORANG'),
	(2474,354,4,'MAJALAYA'),
	(2475,354,5,'SMA'),
	(2476,354,6,'12'),
	(2477,354,7,'14/08/2003'),
	(2478,354,8,'16'),
	(2479,355,2,'PEREMPUAN'),
	(2480,355,3,'PONGPORANG'),
	(2481,355,4,'MAJALAYA'),
	(2482,355,5,'SMA'),
	(2483,355,6,'10'),
	(2484,355,7,'17/02/2004'),
	(2485,355,8,'16'),
	(2486,356,2,'LAKI-LAKI'),
	(2487,356,3,'MUARA'),
	(2488,356,4,'MAJALAYA'),
	(2489,356,5,''),
	(2490,356,6,''),
	(2491,356,7,''),
	(2492,356,8,'0'),
	(2493,357,2,'PEREMPUAN'),
	(2494,357,3,'PONGPORANG'),
	(2495,357,4,'MAJALAYA'),
	(2496,357,5,'SMP'),
	(2497,357,6,'7'),
	(2498,357,7,'14/05/2006'),
	(2499,357,8,'13'),
	(2500,358,2,'PEREMPUAN'),
	(2501,358,3,'PONGPORANG'),
	(2502,358,4,'MAJALAYA'),
	(2503,358,5,'SMP'),
	(2504,358,6,'7'),
	(2505,358,7,'14/05/2006'),
	(2506,358,8,'13'),
	(2507,359,2,'LAKI-LAKI'),
	(2508,359,3,'BOJONG'),
	(2509,359,4,'MAJALAYA'),
	(2510,359,5,''),
	(2511,359,6,''),
	(2512,359,7,''),
	(2513,359,8,'0'),
	(2514,360,2,'LAKI-LAKI'),
	(2515,360,3,'BOJONG'),
	(2516,360,4,'MAJALAYA'),
	(2517,360,5,'SMA'),
	(2518,360,6,'12'),
	(2519,360,7,'06/03/2002'),
	(2520,360,8,'18'),
	(2521,361,2,'PEREMPUAN'),
	(2522,361,3,'SUKMA 2'),
	(2523,361,4,'MAJALAYA'),
	(2524,361,5,'LULUS/KERJA'),
	(2525,361,6,''),
	(2526,361,7,'02/07/2000'),
	(2527,361,8,'19'),
	(2528,362,2,'PEREMPUAN'),
	(2529,362,3,'SUKMA 2'),
	(2530,362,4,'MAJALAYA'),
	(2531,362,5,'SMA'),
	(2532,362,6,'12'),
	(2533,362,7,'02/11/2001'),
	(2534,362,8,'18'),
	(2535,363,2,'PEREMPUAN'),
	(2536,363,3,'SUKMA 2'),
	(2537,363,4,'MAJALAYA'),
	(2538,363,5,'LULUS/KERJA'),
	(2539,363,6,''),
	(2540,363,7,'10/11/1996'),
	(2541,363,8,'-23'),
	(2542,364,2,'PEREMPUAN'),
	(2543,364,3,'PONGPORANG'),
	(2544,364,4,'MAJALAYA'),
	(2545,364,5,'SMA'),
	(2546,364,6,''),
	(2547,364,7,'19/9/2000'),
	(2548,364,8,'-19'),
	(2549,365,2,'PEREMPUAN'),
	(2550,365,3,'BOJONG'),
	(2551,365,4,'MAJALAYA'),
	(2552,365,5,'SMA'),
	(2553,365,6,'11'),
	(2554,365,7,'23/03/2003'),
	(2555,365,8,'16'),
	(2556,366,2,'PEREMPUAN'),
	(2557,366,3,'MUARA'),
	(2558,366,4,'MAJALAYA'),
	(2559,366,5,'SMA'),
	(2560,366,6,'11'),
	(2561,366,7,'22/05/2003'),
	(2562,366,8,'16'),
	(2563,367,2,'LAKI-LAKI'),
	(2564,367,3,'MUARA'),
	(2565,367,4,'MAJALAYA'),
	(2566,367,5,'SMK'),
	(2567,367,6,'11'),
	(2568,367,7,'29/03/2003'),
	(2569,367,8,'16'),
	(2570,368,2,'PEREMPUAN'),
	(2571,368,3,'HAURBUYUT'),
	(2572,368,4,'MAJALAYA'),
	(2573,368,5,'SMP'),
	(2574,368,6,'8'),
	(2575,368,7,'31/03/2006'),
	(2576,368,8,'13'),
	(2577,369,2,'PEREMPUAN'),
	(2578,369,3,'SUKMA 2'),
	(2579,369,4,'MAJALAYA'),
	(2580,369,5,'SMA'),
	(2581,369,6,'12'),
	(2582,369,7,'3/1/2002'),
	(2583,369,8,'-18'),
	(2584,370,2,'LAKI-LAKI'),
	(2585,370,3,'MUARA'),
	(2586,370,4,'MAJALAYA'),
	(2587,370,5,'SMK'),
	(2588,370,6,'12'),
	(2589,370,7,'17/08/2003'),
	(2590,370,8,'16'),
	(2591,371,2,'LAKI-LAKI'),
	(2592,371,3,'MUARA'),
	(2593,371,4,'MAJALAYA'),
	(2594,371,5,'SMA'),
	(2595,371,6,'12'),
	(2596,371,7,'20/01/2002'),
	(2597,371,8,'18'),
	(2598,372,2,'LAKI-LAKI'),
	(2599,372,3,'SUKMA 2'),
	(2600,372,4,'MAJALAYA'),
	(2601,372,5,''),
	(2602,372,6,''),
	(2603,372,7,''),
	(2604,372,8,'0'),
	(2605,373,2,'PEREMPUAN'),
	(2606,373,3,'PONGPORANG'),
	(2607,373,4,'MAJALAYA'),
	(2608,373,5,''),
	(2609,373,6,''),
	(2610,373,7,'23/11/2003'),
	(2611,373,8,'16'),
	(2612,374,2,'LAKI-LAKI'),
	(2613,374,3,'BOJONG'),
	(2614,374,4,'MAJALAYA'),
	(2615,374,5,''),
	(2616,374,6,''),
	(2617,374,7,'13/11/2003'),
	(2618,374,8,'16'),
	(2619,375,2,'LAKI-LAKI'),
	(2620,375,3,'PONGPORANG'),
	(2621,375,4,'MAJALAYA'),
	(2622,375,5,''),
	(2623,375,6,''),
	(2624,375,7,''),
	(2625,375,8,'0'),
	(2626,376,2,'PEREMPUAN'),
	(2627,376,3,'SUKMA 2'),
	(2628,376,4,'MAJALAYA'),
	(2629,376,5,'SMP'),
	(2630,376,6,'9'),
	(2631,376,7,'29/01/2005'),
	(2632,376,8,'15'),
	(2633,377,2,'LAKI-LAKI'),
	(2634,377,3,'SUKMA 2'),
	(2635,377,4,'MAJALAYA'),
	(2636,377,5,'SMP'),
	(2637,377,6,'9'),
	(2638,377,7,'14/07/2004'),
	(2639,377,8,'15'),
	(2640,378,2,'LAKI-LAKI'),
	(2641,378,3,'PONGPORANG'),
	(2642,378,4,'MAJALAYA'),
	(2643,378,5,'SMK'),
	(2644,378,6,'11'),
	(2645,378,7,'10/02/2003'),
	(2646,378,8,'17'),
	(2647,379,2,'LAKI-LAKI'),
	(2648,379,3,'HAURBUYUT'),
	(2649,379,4,'MAJALAYA'),
	(2650,379,5,'LULUS/KERJA'),
	(2651,379,6,''),
	(2652,379,7,'2/6/1998'),
	(2653,379,8,'-21'),
	(2654,380,2,'PEREMPUAN'),
	(2655,380,3,'BOJONG'),
	(2656,380,4,'MAJALAYA'),
	(2657,380,5,''),
	(2658,380,6,''),
	(2659,380,7,''),
	(2660,380,8,'0'),
	(2661,381,2,'LAKI-LAKI'),
	(2662,381,3,'SUKMA 2'),
	(2663,381,4,'MAJALAYA'),
	(2664,381,5,''),
	(2665,381,6,''),
	(2666,381,7,''),
	(2667,381,8,'0'),
	(2668,382,2,'LAKI-LAKI'),
	(2669,382,3,'BOJONG'),
	(2670,382,4,'MAJALAYA'),
	(2671,382,5,'SMP'),
	(2672,382,6,'9'),
	(2673,382,7,''),
	(2674,382,8,'0'),
	(2675,383,2,'PEREMPUAN'),
	(2676,383,3,'SUKMA 2'),
	(2677,383,4,'MAJALAYA'),
	(2678,383,5,''),
	(2679,383,6,''),
	(2680,383,7,''),
	(2681,383,8,'0'),
	(2682,384,2,'PEREMPUAN'),
	(2683,384,3,'SUKMA 3'),
	(2684,384,4,'MAJALAYA'),
	(2685,384,5,'SMK'),
	(2686,384,6,'10'),
	(2687,384,7,'17/02/2004'),
	(2688,384,8,'16'),
	(2689,385,2,'PEREMPUAN'),
	(2690,385,3,'SUKMA 3'),
	(2691,385,4,'MAJALAYA'),
	(2692,385,5,'SMP'),
	(2693,385,6,'9'),
	(2694,385,7,'14/09/2005'),
	(2695,385,8,'14'),
	(2696,386,2,'PEREMPUAN'),
	(2697,386,3,'BOJONG'),
	(2698,386,4,'MAJALAYA'),
	(2699,386,5,'LULUS/KERJA'),
	(2700,386,6,''),
	(2701,386,7,'25/6/2001'),
	(2702,386,8,'-18'),
	(2703,387,2,'LAKI-LAKI'),
	(2704,387,3,'SUKMA 2'),
	(2705,387,4,'MAJALAYA'),
	(2706,387,5,''),
	(2707,387,6,''),
	(2708,387,7,''),
	(2709,387,8,'0'),
	(2710,388,2,'LAKI-LAKI'),
	(2711,388,3,'MUARA'),
	(2712,388,4,'MAJALAYA'),
	(2713,388,5,''),
	(2714,388,6,''),
	(2715,388,7,''),
	(2716,388,8,'0'),
	(2717,389,2,'LAKI-LAKI'),
	(2718,389,3,'SUKMA 2'),
	(2719,389,4,'MAJALAYA'),
	(2720,389,5,''),
	(2721,389,6,''),
	(2722,389,7,''),
	(2723,389,8,'0'),
	(2724,390,2,'PEREMPUAN'),
	(2725,390,3,'SUKMA 3'),
	(2726,390,4,'MAJALAYA'),
	(2727,390,5,'SMA'),
	(2728,390,6,'12'),
	(2729,390,7,''),
	(2730,390,8,'0'),
	(2731,391,2,'LAKI-LAKI'),
	(2732,391,3,'BOJONG'),
	(2733,391,4,'MAJALAYA'),
	(2734,391,5,'LULUS/KERJA'),
	(2735,391,6,'LULUS/KERJA'),
	(2736,391,7,'9/5/1998'),
	(2737,391,8,'-21'),
	(2738,392,2,'LAKI-LAKI'),
	(2739,392,3,'MUARA'),
	(2740,392,4,'MAJALAYA'),
	(2741,392,5,'SMA'),
	(2742,392,6,'12'),
	(2743,392,7,'21/02/2002'),
	(2744,392,8,'18'),
	(2745,393,2,'LAKI-LAKI'),
	(2746,393,3,'HAURBUYUT'),
	(2747,393,4,'MAJALAYA'),
	(2748,393,5,'SMA'),
	(2749,393,6,'11'),
	(2750,393,7,'06/03/2003'),
	(2751,393,8,'17'),
	(2752,394,2,'LAKI-LAKI'),
	(2753,394,3,'PONGPORANG'),
	(2754,394,4,'MAJALAYA'),
	(2755,394,5,'LULUS/KERJA'),
	(2756,394,6,''),
	(2757,394,7,'06/01/2001'),
	(2758,394,8,'19'),
	(2759,395,2,'PEREMPUAN'),
	(2760,395,3,'BOJONG'),
	(2761,395,4,'MAJALAYA'),
	(2762,395,5,'SMP'),
	(2763,395,6,'7'),
	(2764,395,7,'07/10/2006'),
	(2765,395,8,'13'),
	(2766,396,2,'PEREMPUAN'),
	(2767,396,3,'PONGPORANG'),
	(2768,396,4,'MAJALAYA'),
	(2769,396,5,'SMP'),
	(2770,396,6,'7'),
	(2771,396,7,'19/09/2006'),
	(2772,396,8,'13'),
	(2773,397,2,'PEREMPUAN'),
	(2774,397,3,'HAURBUYUT'),
	(2775,397,4,'MAJALAYA'),
	(2776,397,5,'LULUS/KERJA'),
	(2777,397,6,''),
	(2778,397,7,'27/3/1996'),
	(2779,397,8,'-23'),
	(2780,398,2,'PEREMPUAN'),
	(2781,398,3,'HAURBUYUT'),
	(2782,398,4,'MAJALAYA'),
	(2783,398,5,'SMA'),
	(2784,398,6,'12'),
	(2785,398,7,'03/11/2001'),
	(2786,398,8,'18'),
	(2787,399,2,'PEREMPUAN'),
	(2788,399,3,'BOJONG'),
	(2789,399,4,'MAJALAYA'),
	(2790,399,5,'SMP'),
	(2791,399,6,'9'),
	(2792,399,7,'10/01/2005'),
	(2793,399,8,'15'),
	(2794,400,2,'PEREMPUAN'),
	(2795,400,3,'SUKMA 3'),
	(2796,400,4,'MAJALAYA'),
	(2797,400,5,'SMP'),
	(2798,400,6,'9'),
	(2799,400,7,'16/11/2004'),
	(2800,400,8,'15'),
	(2801,401,2,'LAKI-LAKI'),
	(2802,401,3,'HAURBUYUT'),
	(2803,401,4,'MAJALAYA'),
	(2804,401,5,'SMP'),
	(2805,401,6,'9'),
	(2806,401,7,'20/07/2004'),
	(2807,401,8,'15'),
	(2808,402,2,'LAKI-LAKI'),
	(2809,402,3,'HAURBUYUT'),
	(2810,402,4,'MAJALAYA'),
	(2811,402,5,'SMA'),
	(2812,402,6,'11'),
	(2813,402,7,'01/03/2001'),
	(2814,402,8,'19'),
	(2815,403,2,'PEREMPUAN'),
	(2816,403,3,'SUKMA 3'),
	(2817,403,4,'MAJALAYA'),
	(2818,403,5,'SMK'),
	(2819,403,6,'11'),
	(2820,403,7,'28/11/2002'),
	(2821,403,8,'17'),
	(2822,404,2,'LAKI-LAKI'),
	(2823,404,3,'HAURBUYUT'),
	(2824,404,4,'MAJALAYA'),
	(2825,404,5,'SMP'),
	(2826,404,6,'9'),
	(2827,404,7,'30/07/2005'),
	(2828,404,8,'14'),
	(2829,405,2,'PEREMPUAN'),
	(2830,405,3,'SUKMA 3'),
	(2831,405,4,'MAJALAYA'),
	(2832,405,5,'SMP'),
	(2833,405,6,'9'),
	(2834,405,7,'02/04/2005'),
	(2835,405,8,'14'),
	(2836,406,2,'PEREMPUAN'),
	(2837,406,3,'SUKMA 3'),
	(2838,406,4,'MAJALAYA'),
	(2839,406,5,'SMP'),
	(2840,406,6,'9'),
	(2841,406,7,'02/04/2005'),
	(2842,406,8,'14'),
	(2843,407,2,'LAKI-LAKI'),
	(2844,407,3,'MUARA'),
	(2845,407,4,'MAJALAYA'),
	(2846,407,5,'SMK'),
	(2847,407,6,'11'),
	(2848,407,7,''),
	(2849,407,8,'0'),
	(2850,408,2,'LAKI-LAKI'),
	(2851,408,3,'SUKMA 2'),
	(2852,408,4,'MAJALAYA'),
	(2853,408,5,''),
	(2854,408,6,''),
	(2855,408,7,''),
	(2856,408,8,'0'),
	(2857,409,2,'PEREMPUAN'),
	(2858,409,3,'BOJONG'),
	(2859,409,4,'MAJALAYA'),
	(2860,409,5,'SMP'),
	(2861,409,6,'9'),
	(2862,409,7,'06/12/2004'),
	(2863,409,8,'15'),
	(2864,410,2,'PEREMPUAN'),
	(2865,410,3,'BOJONG'),
	(2866,410,4,'MAJALAYA'),
	(2867,410,5,'SMP'),
	(2868,410,6,'9'),
	(2869,410,7,'06/12/2006'),
	(2870,410,8,'13'),
	(2871,411,2,'LAKI-LAKI'),
	(2872,411,3,'SUKMA 2'),
	(2873,411,4,'MAJALAYA'),
	(2874,411,5,'LULUS/KERJA'),
	(2875,411,6,''),
	(2876,411,7,'22/12/1997'),
	(2877,411,8,'-22'),
	(2878,412,2,'PEREMPUAN'),
	(2879,412,3,'MUARA'),
	(2880,412,4,'MAJALAYA'),
	(2881,412,5,'LULUS/KERJA'),
	(2882,412,6,''),
	(2883,412,7,'10/09/1996'),
	(2884,412,8,'23'),
	(2885,413,2,'PEREMPUAN'),
	(2886,413,3,'BOJONG'),
	(2887,413,4,'MAJALAYA'),
	(2888,413,5,'SMP'),
	(2889,413,6,'9'),
	(2890,413,7,'22/02/2005'),
	(2891,413,8,'15'),
	(2892,414,2,'PEREMPUAN'),
	(2893,414,3,'SUKMA 3'),
	(2894,414,4,'MAJALAYA'),
	(2895,414,5,'SMA'),
	(2896,414,6,'10'),
	(2897,414,7,'16/12/2004'),
	(2898,414,8,'15'),
	(2899,415,2,'PEREMPUAN'),
	(2900,415,3,'PONGPORANG'),
	(2901,415,4,'MAJALAYA'),
	(2902,415,5,'LULUS/KERJA'),
	(2903,415,6,''),
	(2904,415,7,'04/02/2001'),
	(2905,415,8,'19'),
	(2906,416,2,'PEREMPUAN'),
	(2907,416,3,'BOJONG'),
	(2908,416,4,'MAJALAYA'),
	(2909,416,5,'SMA'),
	(2910,416,6,'10'),
	(2911,416,7,'31/03/2004'),
	(2912,416,8,'15'),
	(2913,417,2,'PEREMPUAN'),
	(2914,417,3,'BOJONG'),
	(2915,417,4,'MAJALAYA'),
	(2916,417,5,'KULIAH'),
	(2917,417,6,''),
	(2918,417,7,'14/02/2000'),
	(2919,417,8,'20'),
	(2920,418,2,'LAKI-LAKI'),
	(2921,418,3,''),
	(2922,418,4,'MAJALAYA'),
	(2923,418,5,'LULUS/KERJA'),
	(2924,418,6,''),
	(2925,418,7,'2/8/1995'),
	(2926,418,8,'-24'),
	(2927,419,2,'LAKI-LAKI'),
	(2928,419,3,'SUKMA 2'),
	(2929,419,4,'MAJALAYA'),
	(2930,419,5,'SMP'),
	(2931,419,6,'9'),
	(2932,419,7,''),
	(2933,419,8,'0'),
	(2934,420,2,'PEREMPUAN'),
	(2935,420,3,'MUARA'),
	(2936,420,4,'MAJALAYA'),
	(2937,420,5,'LULUS/KERJA'),
	(2938,420,6,''),
	(2939,420,7,'23/08/2001'),
	(2940,420,8,'18'),
	(2941,421,2,'PEREMPUAN'),
	(2942,421,3,'MUARA'),
	(2943,421,4,'MAJALAYA'),
	(2944,421,5,'SMA'),
	(2945,421,6,'11'),
	(2946,421,7,'03/07/2002'),
	(2947,421,8,'17'),
	(2948,422,2,'PEREMPUAN'),
	(2949,422,3,'PONGPORANG'),
	(2950,422,4,'MAJALAYA'),
	(2951,422,5,'SMK'),
	(2952,422,6,'10'),
	(2953,422,7,'13/03/2004'),
	(2954,422,8,'16'),
	(2955,423,2,'LAKI-LAKI'),
	(2956,423,3,'PONGPORANG'),
	(2957,423,4,'MAJALAYA'),
	(2958,423,5,'SMA'),
	(2959,423,6,'12'),
	(2960,423,7,'28/02/2001'),
	(2961,423,8,'19'),
	(2962,424,2,'LAKI-LAKI'),
	(2963,424,3,'SUKMA 3'),
	(2964,424,4,'MAJALAYA'),
	(2965,424,5,'SMK'),
	(2966,424,6,'12'),
	(2967,424,7,'05/08/2001'),
	(2968,424,8,'18'),
	(2969,425,2,'LAKI-LAKI'),
	(2970,425,3,'SUKMA 2'),
	(2971,425,4,'MAJALAYA'),
	(2972,425,5,'SMP'),
	(2973,425,6,'8'),
	(2974,425,7,'13/07/2005'),
	(2975,425,8,'14'),
	(2976,426,2,'LAKI-LAKI'),
	(2977,426,3,'SUKMA 2'),
	(2978,426,4,'MAJALAYA'),
	(2979,426,5,'SMA'),
	(2980,426,6,'11'),
	(2981,426,7,'22/06/2004'),
	(2982,426,8,'15'),
	(2983,427,2,'LAKI-LAKI'),
	(2984,427,3,'SUKMA 3'),
	(2985,427,4,'MAJALAYA'),
	(2986,427,5,'LULUS/KERJA'),
	(2987,427,6,''),
	(2988,427,7,''),
	(2989,427,8,'0'),
	(2990,428,2,'LAKI-LAKI'),
	(2991,428,3,'BURUJUL'),
	(2992,428,4,'SAYATI'),
	(2993,428,5,''),
	(2994,428,6,''),
	(2995,428,7,'06/11/2001'),
	(2996,428,8,'18'),
	(2997,429,2,'LAKI-LAKI'),
	(2998,429,3,'MARKEN'),
	(2999,429,4,'SAYATI'),
	(3000,429,5,''),
	(3001,429,6,''),
	(3002,429,7,'25/04/2003'),
	(3003,429,8,'16'),
	(3004,430,2,'LAKI-LAKI'),
	(3005,430,3,'PERMAKO'),
	(3006,430,4,'SAYATI'),
	(3007,430,5,'SMP'),
	(3008,430,6,'9'),
	(3009,430,7,''),
	(3010,430,8,'0'),
	(3011,431,2,'LAKI-LAKI'),
	(3012,431,3,''),
	(3013,431,4,'SAYATI'),
	(3014,431,5,''),
	(3015,431,6,''),
	(3016,431,7,'NaN/NaN/NaN'),
	(3017,431,8,'NaN'),
	(3018,432,2,'PEREMPUAN'),
	(3019,432,3,'MAPER'),
	(3020,432,4,'SAYATI'),
	(3021,432,5,''),
	(3022,432,6,''),
	(3023,432,7,''),
	(3024,432,8,'0'),
	(3025,433,2,'PEREMPUAN'),
	(3026,433,3,'BURUJUL'),
	(3027,433,4,'SAYATI'),
	(3028,433,5,'SMP'),
	(3029,433,6,'9'),
	(3030,433,7,''),
	(3031,433,8,'0'),
	(3032,434,2,'PEREMPUAN'),
	(3033,434,3,'BURUJUL'),
	(3034,434,4,'SAYATI'),
	(3035,434,5,''),
	(3036,434,6,''),
	(3037,434,7,'03/07/2005'),
	(3038,434,8,'14'),
	(3039,435,2,'LAKI-LAKI'),
	(3040,435,3,'BURUJUL'),
	(3041,435,4,'SAYATI'),
	(3042,435,5,'SMP'),
	(3043,435,6,'9'),
	(3044,435,7,''),
	(3045,435,8,'0'),
	(3046,436,2,'LAKI-LAKI'),
	(3047,436,3,'BURUJUL'),
	(3048,436,4,'SAYATI'),
	(3049,436,5,''),
	(3050,436,6,''),
	(3051,436,7,'14/07/2005'),
	(3052,436,8,'14'),
	(3053,437,2,'LAKI-LAKI'),
	(3054,437,3,'MAPER'),
	(3055,437,4,'SAYATI'),
	(3056,437,5,'SMA'),
	(3057,437,6,'12'),
	(3058,437,7,''),
	(3059,437,8,'0'),
	(3060,438,2,'PEREMPUAN'),
	(3061,438,3,'CIBADUYUT'),
	(3062,438,4,'SAYATI'),
	(3063,438,5,'KULIAH'),
	(3064,438,6,''),
	(3065,438,7,'28/05/2000'),
	(3066,438,8,'19'),
	(3067,439,2,'PEREMPUAN'),
	(3068,439,3,'BURUJUL'),
	(3069,439,4,'SAYATI'),
	(3070,439,5,''),
	(3071,439,6,''),
	(3072,439,7,'20/05/1998'),
	(3073,439,8,'21'),
	(3074,440,2,'PEREMPUAN'),
	(3075,440,3,'PERMAKO'),
	(3076,440,4,'SAYATI'),
	(3077,440,5,'SMP'),
	(3078,440,6,'9'),
	(3079,440,7,'01/11/2004'),
	(3080,440,8,'15'),
	(3081,441,2,'PEREMPUAN'),
	(3082,441,3,'MARKEN'),
	(3083,441,4,'SAYATI'),
	(3084,441,5,'SMA'),
	(3085,441,6,''),
	(3086,441,7,'31/01/2006'),
	(3087,441,8,'14'),
	(3088,442,2,'LAKI-LAKI'),
	(3089,442,3,'KOPER'),
	(3090,442,4,'SAYATI'),
	(3091,442,5,'LULUS/KERJA'),
	(3092,442,6,''),
	(3093,442,7,'13/3/1994'),
	(3094,442,8,'-26'),
	(3095,443,2,'PEREMPUAN'),
	(3096,443,3,'BURUJUL'),
	(3097,443,4,'SAYATI'),
	(3098,443,5,'SMP'),
	(3099,443,6,'9'),
	(3100,443,7,'27/07/2004'),
	(3101,443,8,'15'),
	(3102,444,2,'PEREMPUAN'),
	(3103,444,3,'BURUJUL'),
	(3104,444,4,'SAYATI'),
	(3105,444,5,''),
	(3106,444,6,''),
	(3107,444,7,'02/04/1997'),
	(3108,444,8,'22'),
	(3109,445,2,'LAKI-LAKI'),
	(3110,445,3,'BURUJUL'),
	(3111,445,4,'SAYATI'),
	(3112,445,5,'SMP'),
	(3113,445,6,'9'),
	(3114,445,7,''),
	(3115,445,8,'0'),
	(3116,446,2,'PEREMPUAN'),
	(3117,446,3,'CIBADUYUT'),
	(3118,446,4,'SAYATI'),
	(3119,446,5,'KULIAH'),
	(3120,446,6,''),
	(3121,446,7,'10/08/1997'),
	(3122,446,8,'22'),
	(3123,447,2,'PEREMPUAN'),
	(3124,447,3,'KOPER'),
	(3125,447,4,'SAYATI'),
	(3126,447,5,'LULUS/KERJA'),
	(3127,447,6,''),
	(3128,447,7,'15/6/1996'),
	(3129,447,8,'-23'),
	(3130,448,2,'PEREMPUAN'),
	(3131,448,3,'BURUJUL'),
	(3132,448,4,'SAYATI'),
	(3133,448,5,'SMK'),
	(3134,448,6,'12'),
	(3135,448,7,'02/09/2002'),
	(3136,448,8,'17'),
	(3137,449,2,'PEREMPUAN'),
	(3138,449,3,'MAPER'),
	(3139,449,4,'SAYATI'),
	(3140,449,5,'LULUS/KERJA'),
	(3141,449,6,'LULUS/KERJA'),
	(3142,449,7,'08/JULI/1997'),
	(3143,449,8,'NaN'),
	(3144,450,2,'LAKI-LAKI'),
	(3145,450,3,'KOPER'),
	(3146,450,4,'SAYATI'),
	(3147,450,5,'LULUS/KERJA'),
	(3148,450,6,''),
	(3149,450,7,'24/01/2001'),
	(3150,450,8,'19'),
	(3151,451,2,'LAKI-LAKI'),
	(3152,451,3,'PERMAKO'),
	(3153,451,4,'SAYATI'),
	(3154,451,5,'SMK'),
	(3155,451,6,'12'),
	(3156,451,7,'26/08/2010'),
	(3157,451,8,'9'),
	(3158,452,2,'LAKI-LAKI'),
	(3159,452,3,'CIBADUYUT'),
	(3160,452,4,'SAYATI'),
	(3161,452,5,'SMA'),
	(3162,452,6,'12'),
	(3163,452,7,'24/02/2002'),
	(3164,452,8,'18'),
	(3165,453,2,'LAKI-LAKI'),
	(3166,453,3,'KOPER'),
	(3167,453,4,'SAYATI'),
	(3168,453,5,'LULUS/KERJA'),
	(3169,453,6,''),
	(3170,453,7,'09/05/1993'),
	(3171,453,8,'26'),
	(3172,454,2,'LAKI-LAKI'),
	(3173,454,3,'BURUJUL'),
	(3174,454,4,'SAYATI'),
	(3175,454,5,''),
	(3176,454,6,''),
	(3177,454,7,'29/03/2003'),
	(3178,454,8,'16'),
	(3179,455,2,'LAKI-LAKI'),
	(3180,455,3,'BURUJUL'),
	(3181,455,4,'SAYATI'),
	(3182,455,5,''),
	(3183,455,6,''),
	(3184,455,7,'15/08/2003'),
	(3185,455,8,'16'),
	(3186,456,2,'LAKI-LAKI'),
	(3187,456,3,'CIBADUYUT'),
	(3188,456,4,'SAYATI'),
	(3189,456,5,'LULUS/KERJA'),
	(3190,456,6,''),
	(3191,456,7,'29/05/2001'),
	(3192,456,8,'18'),
	(3193,457,2,''),
	(3194,457,3,'MAPER'),
	(3195,457,4,'SAYATI'),
	(3196,457,5,''),
	(3197,457,6,''),
	(3198,457,7,''),
	(3199,457,8,'0'),
	(3200,458,2,'PEREMPUAN'),
	(3201,458,3,'CIBADUYUT'),
	(3202,458,4,'SAYATI'),
	(3203,458,5,'LULUS/KERJA'),
	(3204,458,6,''),
	(3205,458,7,'9/8/1991'),
	(3206,458,8,'-28'),
	(3207,459,2,'LAKI-LAKI'),
	(3208,459,3,'KOPER'),
	(3209,459,4,'SAYATI'),
	(3210,459,5,'SMA'),
	(3211,459,6,'12'),
	(3212,459,7,'09/12/2001'),
	(3213,459,8,'18'),
	(3214,460,2,'PEREMPUAN'),
	(3215,460,3,'BURUJUL'),
	(3216,460,4,'SAYATI'),
	(3217,460,5,''),
	(3218,460,6,''),
	(3219,460,7,''),
	(3220,460,8,'0'),
	(3221,461,2,'LAKI-LAKI'),
	(3222,461,3,'MARKEN'),
	(3223,461,4,'SAYATI'),
	(3224,461,5,''),
	(3225,461,6,''),
	(3226,461,7,'28/02/2003'),
	(3227,461,8,'17'),
	(3228,462,2,'LAKI-LAKI'),
	(3229,462,3,'KOPER'),
	(3230,462,4,'SAYATI'),
	(3231,462,5,''),
	(3232,462,6,''),
	(3233,462,7,'27/12/1999'),
	(3234,462,8,'20'),
	(3235,463,2,'PEREMPUAN'),
	(3236,463,3,'MARKEN'),
	(3237,463,4,'SAYATI'),
	(3238,463,5,'SMP'),
	(3239,463,6,'9'),
	(3240,463,7,'28/03/2005'),
	(3241,463,8,'14'),
	(3242,464,2,'LAKI-LAKI'),
	(3243,464,3,'MAPER'),
	(3244,464,4,'SAYATI'),
	(3245,464,5,'SMA'),
	(3246,464,6,'12'),
	(3247,464,7,''),
	(3248,464,8,'0'),
	(3249,465,2,'PEREMPUAN'),
	(3250,465,3,'MAPER'),
	(3251,465,4,'SAYATI'),
	(3252,465,5,''),
	(3253,465,6,''),
	(3254,465,7,''),
	(3255,465,8,'0'),
	(3256,466,2,'LAKI-LAKI'),
	(3257,466,3,'MAPER'),
	(3258,466,4,'SAYATI'),
	(3259,466,5,''),
	(3260,466,6,''),
	(3261,466,7,'20/7/1994'),
	(3262,466,8,'-25'),
	(3263,467,2,'LAKI-LAKI'),
	(3264,467,3,'MARKEN'),
	(3265,467,4,'SAYATI'),
	(3266,467,5,'SMA'),
	(3267,467,6,'12'),
	(3268,467,7,''),
	(3269,467,8,'0'),
	(3270,468,2,'PEREMPUAN'),
	(3271,468,3,'MAPER'),
	(3272,468,4,'SAYATI'),
	(3273,468,5,''),
	(3274,468,6,''),
	(3275,468,7,''),
	(3276,468,8,'0'),
	(3277,469,2,'PEREMPUAN'),
	(3278,469,3,'MAPER'),
	(3279,469,4,'SAYATI'),
	(3280,469,5,''),
	(3281,469,6,''),
	(3282,469,7,''),
	(3283,469,8,'0'),
	(3284,470,2,'LAKI-LAKI'),
	(3285,470,3,'KOPER'),
	(3286,470,4,'SAYATI'),
	(3287,470,5,''),
	(3288,470,6,''),
	(3289,470,7,'26/07/2004'),
	(3290,470,8,'15'),
	(3291,471,2,'PEREMPUAN'),
	(3292,471,3,'MARKEN'),
	(3293,471,4,'SAYATI'),
	(3294,471,5,''),
	(3295,471,6,''),
	(3296,471,7,'10/07/2007'),
	(3297,471,8,'12'),
	(3298,472,2,'LAKI-LAKI'),
	(3299,472,3,'KOPER'),
	(3300,472,4,'SAYATI'),
	(3301,472,5,'LULUS/KERJA'),
	(3302,472,6,''),
	(3303,472,7,'02/10/2000'),
	(3304,472,8,'19'),
	(3305,473,2,'LAKI-LAKI'),
	(3306,473,3,'PERMAKO'),
	(3307,473,4,'SAYATI'),
	(3308,473,5,''),
	(3309,473,6,''),
	(3310,473,7,'05/10/1994'),
	(3311,473,8,'25'),
	(3312,474,2,'LAKI-LAKI'),
	(3313,474,3,'MARKEN'),
	(3314,474,4,'SAYATI'),
	(3315,474,5,''),
	(3316,474,6,''),
	(3317,474,7,'03/12/2004'),
	(3318,474,8,'15'),
	(3319,475,2,'LAKI-LAKI'),
	(3320,475,3,'MAPER'),
	(3321,475,4,'SAYATI'),
	(3322,475,5,''),
	(3323,475,6,''),
	(3324,475,7,'09/04/2000'),
	(3325,475,8,'19'),
	(3326,476,2,'LAKI-LAKI'),
	(3327,476,3,'MARKEN'),
	(3328,476,4,'SAYATI'),
	(3329,476,5,''),
	(3330,476,6,''),
	(3331,476,7,'29/11/1999'),
	(3332,476,8,'20'),
	(3333,477,2,'LAKI-LAKI'),
	(3334,477,3,'MARKEN'),
	(3335,477,4,'SAYATI'),
	(3336,477,5,''),
	(3337,477,6,''),
	(3338,477,7,'14/08/1996'),
	(3339,477,8,'23'),
	(3340,478,2,'PEREMPUAN'),
	(3341,478,3,'MARKEN'),
	(3342,478,4,'SAYATI'),
	(3343,478,5,'SMP'),
	(3344,478,6,'9'),
	(3345,478,7,'08/03/2005'),
	(3346,478,8,'15'),
	(3347,479,2,'LAKI-LAKI'),
	(3348,479,3,'CIBADUYUT'),
	(3349,479,4,'SAYATI'),
	(3350,479,5,''),
	(3351,479,6,''),
	(3352,479,7,'03/04/1998'),
	(3353,479,8,'21'),
	(3354,480,2,'LAKI-LAKI'),
	(3355,480,3,'BURUJUL'),
	(3356,480,4,'SAYATI'),
	(3357,480,5,''),
	(3358,480,6,''),
	(3359,480,7,'14/06/1998'),
	(3360,480,8,'21'),
	(3361,481,2,'LAKI-LAKI'),
	(3362,481,3,'PERMAKO'),
	(3363,481,4,'SAYATI'),
	(3364,481,5,'SMK'),
	(3365,481,6,'12'),
	(3366,481,7,''),
	(3367,481,8,'0'),
	(3368,482,2,'LAKI-LAKI'),
	(3369,482,3,'MARKEN'),
	(3370,482,4,'SAYATI'),
	(3371,482,5,''),
	(3372,482,6,''),
	(3373,482,7,'02/08/2003'),
	(3374,482,8,'16'),
	(3375,483,2,'LAKI-LAKI'),
	(3376,483,3,'MARKEN'),
	(3377,483,4,'SAYATI'),
	(3378,483,5,''),
	(3379,483,6,''),
	(3380,483,7,'20/04/2005'),
	(3381,483,8,'14'),
	(3382,484,2,'PEREMPUAN'),
	(3383,484,3,'MARKEN'),
	(3384,484,4,'SAYATI'),
	(3385,484,5,'SMP'),
	(3386,484,6,'9'),
	(3387,484,7,'13/05/2005'),
	(3388,484,8,'14'),
	(3389,485,2,'LAKI-LAKI'),
	(3390,485,3,'BURUJUL'),
	(3391,485,4,'SAYATI'),
	(3392,485,5,''),
	(3393,485,6,''),
	(3394,485,7,'17/02/2004'),
	(3395,485,8,'16'),
	(3396,486,2,'LAKI-LAKI'),
	(3397,486,3,'BURUJUL'),
	(3398,486,4,'SAYATI'),
	(3399,486,5,'LULUS/KERJA'),
	(3400,486,6,'LULUS/KERJA'),
	(3401,486,7,'18/8/1997'),
	(3402,486,8,'-22'),
	(3403,487,2,'LAKI-LAKI'),
	(3404,487,3,'TKI'),
	(3405,487,4,'SAYATI'),
	(3406,487,5,''),
	(3407,487,6,''),
	(3408,487,7,''),
	(3409,487,8,'0'),
	(3410,488,2,'LAKI-LAKI'),
	(3411,488,3,'BURUJUL'),
	(3412,488,4,'SAYATI'),
	(3413,488,5,''),
	(3414,488,6,''),
	(3415,488,7,'06/03/2003'),
	(3416,488,8,'17'),
	(3417,489,2,'PEREMPUAN'),
	(3418,489,3,'MARKEN'),
	(3419,489,4,'SAYATI'),
	(3420,489,5,''),
	(3421,489,6,''),
	(3422,489,7,'19/04/2006'),
	(3423,489,8,'13'),
	(3424,490,2,'PEREMPUAN'),
	(3425,490,3,'CIBADUYUT'),
	(3426,490,4,'SAYATI'),
	(3427,490,5,'KULIAH'),
	(3428,490,6,''),
	(3429,490,7,'20/01/1999'),
	(3430,490,8,'21'),
	(3431,491,2,''),
	(3432,491,3,'MAPER'),
	(3433,491,4,'SAYATI'),
	(3434,491,5,''),
	(3435,491,6,''),
	(3436,491,7,''),
	(3437,491,8,'0'),
	(3438,492,2,'PEREMPUAN'),
	(3439,492,3,'KOPER'),
	(3440,492,4,'SAYATI'),
	(3441,492,5,'SMP'),
	(3442,492,6,'9'),
	(3443,492,7,'16/11/2004'),
	(3444,492,8,'15'),
	(3445,493,2,'PEREMPUAN'),
	(3446,493,3,'BURUJUL'),
	(3447,493,4,'SAYATI'),
	(3448,493,5,'LULUS/KERJA'),
	(3449,493,6,''),
	(3450,493,7,'12/2/1997'),
	(3451,493,8,'-23'),
	(3452,494,2,'PEREMPUAN'),
	(3453,494,3,'BURUJUL'),
	(3454,494,4,'SAYATI'),
	(3455,494,5,''),
	(3456,494,6,''),
	(3457,494,7,'06/01/2004'),
	(3458,494,8,'16'),
	(3459,495,2,'PEREMPUAN'),
	(3460,495,3,'BURUJUL'),
	(3461,495,4,'SAYATI'),
	(3462,495,5,''),
	(3463,495,6,''),
	(3464,495,7,'09/01/1997'),
	(3465,495,8,'23'),
	(3466,496,2,'PEREMPUAN'),
	(3467,496,3,'BURUJUL'),
	(3468,496,4,'SAYATI'),
	(3469,496,5,'SMA'),
	(3470,496,6,'11'),
	(3471,496,7,'31/7/2002'),
	(3472,496,8,'-17'),
	(3473,497,2,'LAKI-LAKI'),
	(3474,497,3,'BURUJUL'),
	(3475,497,4,'SAYATI'),
	(3476,497,5,'SMP'),
	(3477,497,6,'9'),
	(3478,497,7,'15/04/2005'),
	(3479,497,8,'14'),
	(3480,498,2,'LAKI-LAKI'),
	(3481,498,3,'MARKEN'),
	(3482,498,4,'SAYATI'),
	(3483,498,5,''),
	(3484,498,6,''),
	(3485,498,7,'31/05/2003'),
	(3486,498,8,'16'),
	(3487,499,2,'LAKI-LAKI'),
	(3488,499,3,'KOPER'),
	(3489,499,4,'SAYATI'),
	(3490,499,5,'SMA'),
	(3491,499,6,'12'),
	(3492,499,7,'19/5/2001'),
	(3493,499,8,'-18'),
	(3494,500,2,'LAKI-LAKI'),
	(3495,500,3,'BURUJUL'),
	(3496,500,4,'SAYATI'),
	(3497,500,5,'KULIAH'),
	(3498,500,6,''),
	(3499,500,7,'18/5/1994'),
	(3500,500,8,'-25'),
	(3501,501,2,'PEREMPUAN'),
	(3502,501,3,'KOPER'),
	(3503,501,4,'SAYATI'),
	(3504,501,5,'KULIAH'),
	(3505,501,6,''),
	(3506,501,7,'1/9/1999'),
	(3507,501,8,'-20'),
	(3508,502,2,'LAKI-LAKI'),
	(3509,502,3,'MAPER'),
	(3510,502,4,'SAYATI'),
	(3511,502,5,''),
	(3512,502,6,''),
	(3513,502,7,''),
	(3514,502,8,'0'),
	(3515,503,2,'LAKI-LAKI'),
	(3516,503,3,'BURUJUL'),
	(3517,503,4,'SAYATI'),
	(3518,503,5,''),
	(3519,503,6,''),
	(3520,503,7,'12/11/2003'),
	(3521,503,8,'16'),
	(3522,504,2,''),
	(3523,504,3,'MARKEN'),
	(3524,504,4,'SAYATI'),
	(3525,504,5,''),
	(3526,504,6,''),
	(3527,504,7,''),
	(3528,504,8,'0'),
	(3529,505,2,''),
	(3530,505,3,'MARKEN'),
	(3531,505,4,'SAYATI'),
	(3532,505,5,''),
	(3533,505,6,''),
	(3534,505,7,''),
	(3535,505,8,'0'),
	(3536,506,2,'PEREMPUAN'),
	(3537,506,3,'MAPER'),
	(3538,506,4,'SAYATI'),
	(3539,506,5,''),
	(3540,506,6,''),
	(3541,506,7,'04/02/1997'),
	(3542,506,8,'23'),
	(3543,507,2,'PEREMPUAN'),
	(3544,507,3,'BURUJUL'),
	(3545,507,4,'SAYATI'),
	(3546,507,5,''),
	(3547,507,6,''),
	(3548,507,7,''),
	(3549,507,8,'0'),
	(3550,508,2,'PEREMPUAN'),
	(3551,508,3,'KOPER'),
	(3552,508,4,'SAYATI'),
	(3553,508,5,''),
	(3554,508,6,''),
	(3555,508,7,'26/06/2000'),
	(3556,508,8,'19'),
	(3557,509,2,'PEREMPUAN'),
	(3558,509,3,'KOPER'),
	(3559,509,4,'SAYATI'),
	(3560,509,5,'SMP'),
	(3561,509,6,'9'),
	(3562,509,7,''),
	(3563,509,8,'0'),
	(3564,510,2,'PEREMPUAN'),
	(3565,510,3,'MAPER'),
	(3566,510,4,'SAYATI'),
	(3567,510,5,'SMP'),
	(3568,510,6,'9'),
	(3569,510,7,'20/10/2004'),
	(3570,510,8,'15'),
	(3571,511,2,'PEREMPUAN'),
	(3572,511,3,'MAPER'),
	(3573,511,4,'SAYATI'),
	(3574,511,5,''),
	(3575,511,6,''),
	(3576,511,7,''),
	(3577,511,8,'0'),
	(3578,512,2,'PEREMPUAN'),
	(3579,512,3,'BURUJUL'),
	(3580,512,4,'SAYATI'),
	(3581,512,5,''),
	(3582,512,6,''),
	(3583,512,7,'12/05/2003'),
	(3584,512,8,'16'),
	(3585,513,2,'LAKI-LAKI'),
	(3586,513,3,'MARKEN'),
	(3587,513,4,'SAYATI'),
	(3588,513,5,''),
	(3589,513,6,''),
	(3590,513,7,'21/01/2004'),
	(3591,513,8,'16'),
	(3592,514,2,'LAKI-LAKI'),
	(3593,514,3,'KOPER'),
	(3594,514,4,'SAYATI'),
	(3595,514,5,''),
	(3596,514,6,''),
	(3597,514,7,''),
	(3598,514,8,'0'),
	(3599,515,2,'PEREMPUAN'),
	(3600,515,3,'KOPER'),
	(3601,515,4,'SAYATI'),
	(3602,515,5,'SMA'),
	(3603,515,6,'12'),
	(3604,515,7,'19/04/2002'),
	(3605,515,8,'17'),
	(3606,516,2,'PEREMPUAN'),
	(3607,516,3,'KOPER'),
	(3608,516,4,'SAYATI'),
	(3609,516,5,'SMP'),
	(3610,516,6,'9'),
	(3611,516,7,'18/03/2005'),
	(3612,516,8,'14'),
	(3613,517,2,'PEREMPUAN'),
	(3614,517,3,'MARKEN'),
	(3615,517,4,'SAYATI'),
	(3616,517,5,''),
	(3617,517,6,''),
	(3618,517,7,'15/10/1999'),
	(3619,517,8,'-20'),
	(3620,518,2,'LAKI-LAKI'),
	(3621,518,3,'CIBADUYUT'),
	(3622,518,4,'SAYATI'),
	(3623,518,5,'SMK'),
	(3624,518,6,'12'),
	(3625,518,7,'19/12/2001'),
	(3626,518,8,'18'),
	(3627,519,2,'LAKI-LAKI'),
	(3628,519,3,'KOPER'),
	(3629,519,4,'SAYATI'),
	(3630,519,5,''),
	(3631,519,6,''),
	(3632,519,7,''),
	(3633,519,8,'0'),
	(3634,520,2,'PEREMPUAN'),
	(3635,520,3,'KOPER'),
	(3636,520,4,'SAYATI'),
	(3637,520,5,'LULUS/KERJA'),
	(3638,520,6,''),
	(3639,520,7,'3/9/2001'),
	(3640,520,8,'-18'),
	(3641,521,2,'PEREMPUAN'),
	(3642,521,3,'BURUJUL'),
	(3643,521,4,'SAYATI'),
	(3644,521,5,'SMA'),
	(3645,521,6,'12'),
	(3646,521,7,'06/09/2002'),
	(3647,521,8,'17'),
	(3648,522,2,'LAKI-LAKI'),
	(3649,522,3,'MAPER'),
	(3650,522,4,'SAYATI'),
	(3651,522,5,'SMK'),
	(3652,522,6,'12'),
	(3653,522,7,'8/12/1997'),
	(3654,522,8,'-22'),
	(3655,523,2,'PEREMPUAN'),
	(3656,523,3,'BURUJUL'),
	(3657,523,4,'SAYATI'),
	(3658,523,5,''),
	(3659,523,6,''),
	(3660,523,7,'15/01/2000'),
	(3661,523,8,'20'),
	(3662,524,2,'LAKI-LAKI'),
	(3663,524,3,'MARKEN'),
	(3664,524,4,'SAYATI'),
	(3665,524,5,''),
	(3666,524,6,''),
	(3667,524,7,'11/02/2001'),
	(3668,524,8,'19'),
	(3669,525,2,'LAKI-LAKI'),
	(3670,525,3,'BURUJUL'),
	(3671,525,4,'SAYATI'),
	(3672,525,5,'KULIAH'),
	(3673,525,6,''),
	(3674,525,7,''),
	(3675,525,8,'0'),
	(3676,526,2,'LAKI-LAKI'),
	(3677,526,3,'BURUJUL'),
	(3678,526,4,'SAYATI'),
	(3679,526,5,'KULIAH'),
	(3680,526,6,''),
	(3681,526,7,''),
	(3682,526,8,'0'),
	(3683,527,2,'LAKI-LAKI'),
	(3684,527,3,'BURUJUL'),
	(3685,527,4,'SAYATI'),
	(3686,527,5,'KULIAH'),
	(3687,527,6,''),
	(3688,527,7,'29/03/1999'),
	(3689,527,8,'20'),
	(3690,528,2,'PEREMPUAN'),
	(3691,528,3,'BURUJUL'),
	(3692,528,4,'SAYATI'),
	(3693,528,5,'KULIAH'),
	(3694,528,6,''),
	(3695,528,7,'18/11/1995'),
	(3696,528,8,'24'),
	(3697,529,2,'PEREMPUAN'),
	(3698,529,3,'BURUJUL'),
	(3699,529,4,'SAYATI'),
	(3700,529,5,'KULIAH'),
	(3701,529,6,''),
	(3702,529,7,'1/4/2000'),
	(3703,529,8,'-19'),
	(3704,530,2,'PEREMPUAN'),
	(3705,530,3,'KOPER'),
	(3706,530,4,'SAYATI'),
	(3707,530,5,'KULIAH'),
	(3708,530,6,''),
	(3709,530,7,'30/06/1999'),
	(3710,530,8,'20'),
	(3711,531,2,'LAKI-LAKI'),
	(3712,531,3,'MARKEN'),
	(3713,531,4,'SAYATI'),
	(3714,531,5,'KULIAH'),
	(3715,531,6,''),
	(3716,531,7,''),
	(3717,531,8,'0'),
	(3718,532,2,'LAKI-LAKI'),
	(3719,532,3,'MARKEN'),
	(3720,532,4,'SAYATI'),
	(3721,532,5,'KULIAH'),
	(3722,532,6,''),
	(3723,532,7,''),
	(3724,532,8,'0'),
	(3725,533,2,'PEREMPUAN'),
	(3726,533,3,'MARKEN'),
	(3727,533,4,'SAYATI'),
	(3728,533,5,'KULIAH'),
	(3729,533,6,''),
	(3730,533,7,''),
	(3731,533,8,'0'),
	(3732,534,2,'PEREMPUAN'),
	(3733,534,3,'MARKEN'),
	(3734,534,4,'SAYATI'),
	(3735,534,5,'KULIAH'),
	(3736,534,6,''),
	(3737,534,7,'null/null/NaN'),
	(3738,534,8,'NaN'),
	(3739,535,2,'PEREMPUAN'),
	(3740,535,3,'MARKEN'),
	(3741,535,4,'SAYATI'),
	(3742,535,5,'KULIAH'),
	(3743,535,6,''),
	(3744,535,7,''),
	(3745,535,8,'0'),
	(3746,536,2,'PEREMPUAN'),
	(3747,536,3,'MARKEN'),
	(3748,536,4,'SAYATI'),
	(3749,536,5,'KULIAH'),
	(3750,536,6,''),
	(3751,536,7,''),
	(3752,536,8,'0'),
	(3753,537,2,'PEREMPUAN'),
	(3754,537,3,'MARKEN'),
	(3755,537,4,'SAYATI'),
	(3756,537,5,'KULIAH'),
	(3757,537,6,''),
	(3758,537,7,''),
	(3759,537,8,'0'),
	(3760,538,2,'LAKI-LAKI'),
	(3761,538,3,'MAPER'),
	(3762,538,4,'SAYATI'),
	(3763,538,5,'KULIAH'),
	(3764,538,6,'4'),
	(3765,538,7,'21/12/1994'),
	(3766,538,8,'-25'),
	(3767,539,2,'PEREMPUAN'),
	(3768,539,3,'MAPER'),
	(3769,539,4,'SAYATI'),
	(3770,539,5,'KULIAH'),
	(3771,539,6,''),
	(3772,539,7,''),
	(3773,539,8,'0'),
	(3774,540,2,'LAKI-LAKI'),
	(3775,540,3,'PERMAKO'),
	(3776,540,4,'SAYATI'),
	(3777,540,5,'KULIAH'),
	(3778,540,6,''),
	(3779,540,7,''),
	(3780,540,8,'0'),
	(3781,541,2,'PEREMPUAN'),
	(3782,541,3,'MARKEN'),
	(3783,541,4,'SAYATI'),
	(3784,541,5,''),
	(3785,541,6,''),
	(3786,541,7,'19/04/2006'),
	(3787,541,8,'13'),
	(3788,542,2,'LAKI-LAKI'),
	(3789,542,3,'MARKEN'),
	(3790,542,4,'SAYATI'),
	(3791,542,5,''),
	(3792,542,6,''),
	(3793,542,7,'20/04/2005'),
	(3794,542,8,'14'),
	(3795,543,2,'LAKI-LAKI'),
	(3796,543,3,'MARKEN'),
	(3797,543,4,'SAYATI'),
	(3798,543,5,''),
	(3799,543,6,''),
	(3800,543,7,'27/10/2007'),
	(3801,543,8,'12'),
	(3802,544,2,'LAKI-LAKI'),
	(3803,544,3,'MARKEN'),
	(3804,544,4,'SAYATI'),
	(3805,544,5,''),
	(3806,544,6,''),
	(3807,544,7,'30/07/1999'),
	(3808,544,8,'20'),
	(3809,545,2,'PEREMPUAN'),
	(3810,545,3,'KOPER'),
	(3811,545,4,'SAYATI'),
	(3812,545,5,''),
	(3813,545,6,''),
	(3814,545,7,'26/05/2000'),
	(3815,545,8,'19'),
	(3816,546,2,'PEREMPUAN'),
	(3817,546,3,'KOPER'),
	(3818,546,4,'SAYATI'),
	(3819,546,5,''),
	(3820,546,6,''),
	(3821,546,7,'26/04/1997'),
	(3822,546,8,'22'),
	(3823,547,2,'LAKI-LAKI'),
	(3824,547,3,'KOPER'),
	(3825,547,4,'SAYATI'),
	(3826,547,5,''),
	(3827,547,6,''),
	(3828,547,7,'17/05/2000'),
	(3829,547,8,'19'),
	(3830,548,2,'PEREMPUAN'),
	(3831,548,3,'KOPER'),
	(3832,548,4,'SAYATI'),
	(3833,548,5,''),
	(3834,548,6,''),
	(3835,548,7,'04/07/2005'),
	(3836,548,8,'14'),
	(3837,549,2,'LAKI-LAKI'),
	(3838,549,3,'KOPER'),
	(3839,549,4,'SAYATI'),
	(3840,549,5,'LULUS/KERJA'),
	(3841,549,6,''),
	(3842,549,7,'10/04/1997'),
	(3843,549,8,'22'),
	(3844,550,2,'LAKI-LAKI'),
	(3845,550,3,'KOPER'),
	(3846,550,4,'SAYATI'),
	(3847,550,5,''),
	(3848,550,6,''),
	(3849,550,7,'30/06/2003'),
	(3850,550,8,'16'),
	(3851,551,2,'LAKI-LAKI'),
	(3852,551,3,'BURUJUL'),
	(3853,551,4,'SAYATI'),
	(3854,551,5,''),
	(3855,551,6,''),
	(3856,551,7,'19/07/1996'),
	(3857,551,8,'23'),
	(3858,552,2,'LAKI-LAKI'),
	(3859,552,3,'BURUJUL'),
	(3860,552,4,'SAYATI'),
	(3861,552,5,''),
	(3862,552,6,''),
	(3863,552,7,'23/03/2007'),
	(3864,552,8,'12'),
	(3865,553,2,'LAKI-LAKI'),
	(3866,553,3,'BURUJUL'),
	(3867,553,4,'SAYATI'),
	(3868,553,5,''),
	(3869,553,6,''),
	(3870,553,7,'04/09/2000'),
	(3871,553,8,'19'),
	(3872,554,2,'LAKI-LAKI'),
	(3873,554,3,'BURUJUL'),
	(3874,554,4,'SAYATI'),
	(3875,554,5,''),
	(3876,554,6,''),
	(3877,554,7,'24/07/1998'),
	(3878,554,8,'21'),
	(3879,555,2,'LAKI-LAKI'),
	(3880,555,3,'BURUJUL'),
	(3881,555,4,'SAYATI'),
	(3882,555,5,''),
	(3883,555,6,''),
	(3884,555,7,'10/09/2005'),
	(3885,555,8,'14'),
	(3886,556,2,'LAKI-LAKI'),
	(3887,556,3,'BURUJUL'),
	(3888,556,4,'SAYATI'),
	(3889,556,5,''),
	(3890,556,6,''),
	(3891,556,7,'04/08/1995'),
	(3892,556,8,'24'),
	(3893,557,2,'LAKI-LAKI'),
	(3894,557,3,'BURUJUL'),
	(3895,557,4,'SAYATI'),
	(3896,557,5,''),
	(3897,557,6,''),
	(3898,557,7,'20/12/1995'),
	(3899,557,8,'24'),
	(3900,558,2,'PEREMPUAN'),
	(3901,558,3,'BURUJUL'),
	(3902,558,4,'SAYATI'),
	(3903,558,5,''),
	(3904,558,6,''),
	(3905,558,7,'20/10/2006'),
	(3906,558,8,'13'),
	(3907,559,2,'PEREMPUAN'),
	(3908,559,3,'BURUJUL'),
	(3909,559,4,'SAYATI'),
	(3910,559,5,''),
	(3911,559,6,''),
	(3912,559,7,'13/6/1995'),
	(3913,559,8,'-24'),
	(3914,560,2,'LAKI-LAKI'),
	(3915,560,3,'WARLOB 1'),
	(3916,560,4,'SOREANG'),
	(3917,560,5,''),
	(3918,560,6,''),
	(3919,560,7,'12/3/2002'),
	(3920,560,8,'-18'),
	(3921,561,2,'LAKI-LAKI'),
	(3922,561,3,'WARLOB 1'),
	(3923,561,4,'SOREANG'),
	(3924,561,5,''),
	(3925,561,6,''),
	(3926,561,7,'21/11/1995'),
	(3927,561,8,'-24'),
	(3928,562,2,'LAKI-LAKI'),
	(3929,562,3,'WARLOB 2'),
	(3930,562,4,'SOREANG'),
	(3931,562,5,'SMA'),
	(3932,562,6,'12'),
	(3933,562,7,'1/1/2002'),
	(3934,562,8,'-18'),
	(3935,563,2,'PEREMPUAN'),
	(3936,563,3,'CIWIDEY'),
	(3937,563,4,'SOREANG'),
	(3938,563,5,''),
	(3939,563,6,''),
	(3940,563,7,''),
	(3941,563,8,'0'),
	(3942,564,2,'LAKI-LAKI'),
	(3943,564,3,'WARLOB 1'),
	(3944,564,4,'SOREANG'),
	(3945,564,5,''),
	(3946,564,6,''),
	(3947,564,7,''),
	(3948,564,8,'0'),
	(3949,565,2,'PEREMPUAN'),
	(3950,565,3,'WARLOB 1'),
	(3951,565,4,'SOREANG'),
	(3952,565,5,'LULUS/KERJA'),
	(3953,565,6,'LULUS/KERJA'),
	(3954,565,7,'21/07/2001'),
	(3955,565,8,'-18'),
	(3956,566,2,'PEREMPUAN'),
	(3957,566,3,'WARLOB 2'),
	(3958,566,4,'SOREANG'),
	(3959,566,5,'LULUS/KERJA'),
	(3960,566,6,'LULUS/KERJA'),
	(3961,566,7,'17/7/1996'),
	(3962,566,8,'-23'),
	(3963,567,2,'LAKI-LAKI'),
	(3964,567,3,'WARLOB 1'),
	(3965,567,4,'SOREANG'),
	(3966,567,5,''),
	(3967,567,6,''),
	(3968,567,7,''),
	(3969,567,8,'0'),
	(3970,568,2,'LAKI-LAKI'),
	(3971,568,3,'WARLOB 2'),
	(3972,568,4,'SOREANG'),
	(3973,568,5,''),
	(3974,568,6,''),
	(3975,568,7,''),
	(3976,568,8,'0'),
	(3977,569,2,'PEREMPUAN'),
	(3978,569,3,'CIWIDEY'),
	(3979,569,4,'SOREANG'),
	(3980,569,5,''),
	(3981,569,6,''),
	(3982,569,7,'28/06/2002'),
	(3983,569,8,'17'),
	(3984,570,2,'PEREMPUAN'),
	(3985,570,3,'WARLOB 1'),
	(3986,570,4,'SOREANG'),
	(3987,570,5,'SMK'),
	(3988,570,6,'10'),
	(3989,570,7,'21/01/1997'),
	(3990,570,8,'-23'),
	(3991,571,2,''),
	(3992,571,3,'WARLOB 1'),
	(3993,571,4,'SOREANG'),
	(3994,571,5,'KULIAH'),
	(3995,571,6,'1'),
	(3996,571,7,'30/8/2001'),
	(3997,571,8,'-18'),
	(3998,572,2,'LAKI-LAKI'),
	(3999,572,3,'WARLOB 1'),
	(4000,572,4,'SOREANG'),
	(4001,572,5,''),
	(4002,572,6,''),
	(4003,572,7,'04/08/2000'),
	(4004,572,8,'19'),
	(4005,573,2,'PEREMPUAN'),
	(4006,573,3,'CIWIDEY'),
	(4007,573,4,'SOREANG'),
	(4008,573,5,''),
	(4009,573,6,''),
	(4010,573,7,'2/4/2000'),
	(4011,573,8,'-19'),
	(4012,574,2,'LAKI-LAKI'),
	(4013,574,3,'WARLOB 1'),
	(4014,574,4,'SOREANG'),
	(4015,574,5,''),
	(4016,574,6,''),
	(4017,574,7,'07/04/2000'),
	(4018,574,8,'19'),
	(4019,575,2,'PEREMPUAN'),
	(4020,575,3,'WARLOB 1'),
	(4021,575,4,'SOREANG'),
	(4022,575,5,'SMP'),
	(4023,575,6,'9'),
	(4024,575,7,''),
	(4025,575,8,'0'),
	(4026,576,2,'LAKI-LAKI'),
	(4027,576,3,'WARLOB 1'),
	(4028,576,4,'SOREANG'),
	(4029,576,5,''),
	(4030,576,6,''),
	(4031,576,7,''),
	(4032,576,8,'0'),
	(4033,577,2,'PEREMPUAN'),
	(4034,577,3,'WARLOB 2'),
	(4035,577,4,'SOREANG'),
	(4036,577,5,'LULUS/KERJA'),
	(4037,577,6,'LULUS/KERJA'),
	(4038,577,7,'4/8/1996'),
	(4039,577,8,'-23'),
	(4040,578,2,'PEREMPUAN'),
	(4041,578,3,'WARLOB 1'),
	(4042,578,4,'SOREANG'),
	(4043,578,5,''),
	(4044,578,6,''),
	(4045,578,7,'16/02/2002'),
	(4046,578,8,'18'),
	(4047,579,2,'LAKI-LAKI'),
	(4048,579,3,'SOREANG 1'),
	(4049,579,4,'SOREANG'),
	(4050,579,5,''),
	(4051,579,6,''),
	(4052,579,7,'07/03/1998'),
	(4053,579,8,'22'),
	(4054,580,2,'PEREMPUAN'),
	(4055,580,3,'WARLOB 1'),
	(4056,580,4,'SOREANG'),
	(4057,580,5,''),
	(4058,580,6,''),
	(4059,580,7,'15/10/1998'),
	(4060,580,8,'-21'),
	(4061,581,2,'LAKI-LAKI'),
	(4062,581,3,'SOREANG 1'),
	(4063,581,4,'SOREANG'),
	(4064,581,5,''),
	(4065,581,6,''),
	(4066,581,7,''),
	(4067,581,8,'0'),
	(4068,582,2,'PEREMPUAN'),
	(4069,582,3,'WARLOB 1'),
	(4070,582,4,'SOREANG'),
	(4071,582,5,''),
	(4072,582,6,''),
	(4073,582,7,'01/12/1997'),
	(4074,582,8,'22'),
	(4075,583,2,'PEREMPUAN'),
	(4076,583,3,'WARLOB 1'),
	(4077,583,4,'SOREANG'),
	(4078,583,5,'SMP'),
	(4079,583,6,'9'),
	(4080,583,7,''),
	(4081,583,8,'0'),
	(4082,584,2,'LAKI-LAKI'),
	(4083,584,3,'CIWIDEY'),
	(4084,584,4,'SOREANG'),
	(4085,584,5,''),
	(4086,584,6,''),
	(4087,584,7,''),
	(4088,584,8,'0'),
	(4089,585,2,'LAKI-LAKI'),
	(4090,585,3,'WARLOB 1'),
	(4091,585,4,'SOREANG'),
	(4092,585,5,'SMA'),
	(4093,585,6,'12'),
	(4094,585,7,''),
	(4095,585,8,'0'),
	(4096,586,2,'LAKI-LAKI'),
	(4097,586,3,'CIWIDEY'),
	(4098,586,4,'SOREANG'),
	(4099,586,5,''),
	(4100,586,6,''),
	(4101,586,7,''),
	(4102,586,8,'0'),
	(4103,587,2,'PEREMPUAN'),
	(4104,587,3,'SOREANG 2'),
	(4105,587,4,'SOREANG'),
	(4106,587,5,'KULIAH'),
	(4107,587,6,''),
	(4108,587,7,'10/07/1997'),
	(4109,587,8,'22'),
	(4110,588,2,'LAKI-LAKI'),
	(4111,588,3,'WARLOB 2'),
	(4112,588,4,'SOREANG'),
	(4113,588,5,'SMA'),
	(4114,588,6,'10'),
	(4115,588,7,''),
	(4116,588,8,'0'),
	(4117,589,2,''),
	(4118,589,3,'WARLOB 2'),
	(4119,589,4,'SOREANG'),
	(4120,589,5,''),
	(4121,589,6,''),
	(4122,589,7,''),
	(4123,589,8,'0'),
	(4124,590,2,''),
	(4125,590,3,'WARLOB 2'),
	(4126,590,4,'SOREANG'),
	(4127,590,5,''),
	(4128,590,6,''),
	(4129,590,7,''),
	(4130,590,8,'0'),
	(4131,591,2,'PEREMPUAN'),
	(4132,591,3,'WARLOB 1'),
	(4133,591,4,'SOREANG'),
	(4134,591,5,''),
	(4135,591,6,''),
	(4136,591,7,'10/10/1999'),
	(4137,591,8,'20'),
	(4138,592,2,'PEREMPUAN'),
	(4139,592,3,'WARLOB 1'),
	(4140,592,4,'SOREANG'),
	(4141,592,5,'LULUS/KERJA'),
	(4142,592,6,'LULUS/KERJA'),
	(4143,592,7,'10/11/1998'),
	(4144,592,8,'-21'),
	(4145,593,2,'PEREMPUAN'),
	(4146,593,3,'WARLOB 2'),
	(4147,593,4,'SOREANG'),
	(4148,593,5,''),
	(4149,593,6,''),
	(4150,593,7,''),
	(4151,593,8,'0'),
	(4152,594,2,'LAKI-LAKI'),
	(4153,594,3,'JUNTI'),
	(4154,594,4,'SOREANG'),
	(4155,594,5,''),
	(4156,594,6,''),
	(4157,594,7,''),
	(4158,594,8,'0'),
	(4159,595,2,'LAKI-LAKI'),
	(4160,595,3,'SOREANG 2'),
	(4161,595,4,'SOREANG'),
	(4162,595,5,''),
	(4163,595,6,''),
	(4164,595,7,'06/08/1997'),
	(4165,595,8,'22'),
	(4166,596,2,'LAKI-LAKI'),
	(4167,596,3,'SOREANG 2'),
	(4168,596,4,'SOREANG'),
	(4169,596,5,''),
	(4170,596,6,''),
	(4171,596,7,'12/11/1999'),
	(4172,596,8,'20'),
	(4173,597,2,'PEREMPUAN'),
	(4174,597,3,'SOREANG 2'),
	(4175,597,4,'SOREANG'),
	(4176,597,5,'SMA'),
	(4177,597,6,'12'),
	(4178,597,7,'6/3/1996'),
	(4179,597,8,'-24'),
	(4180,598,2,'LAKI-LAKI'),
	(4181,598,3,'WARLOB 1'),
	(4182,598,4,'SOREANG'),
	(4183,598,5,''),
	(4184,598,6,''),
	(4185,598,7,''),
	(4186,598,8,'0'),
	(4187,599,2,'LAKI-LAKI'),
	(4188,599,3,'WARLOB 1'),
	(4189,599,4,'SOREANG'),
	(4190,599,5,''),
	(4191,599,6,''),
	(4192,599,7,''),
	(4193,599,8,'0'),
	(4194,600,2,'LAKI-LAKI'),
	(4195,600,3,'CIWIDEY'),
	(4196,600,4,'SOREANG'),
	(4197,600,5,''),
	(4198,600,6,''),
	(4199,600,7,''),
	(4200,600,8,'0'),
	(4201,601,2,'PEREMPUAN'),
	(4202,601,3,'CIWIDEY'),
	(4203,601,4,'SOREANG'),
	(4204,601,5,''),
	(4205,601,6,''),
	(4206,601,7,''),
	(4207,601,8,'0'),
	(4208,602,2,'PEREMPUAN'),
	(4209,602,3,'SOREANG 2'),
	(4210,602,4,'SOREANG'),
	(4211,602,5,''),
	(4212,602,6,''),
	(4213,602,7,'27/02/2001'),
	(4214,602,8,'19'),
	(4215,603,2,'PEREMPUAN'),
	(4216,603,3,'SOREANG 2'),
	(4217,603,4,'SOREANG'),
	(4218,603,5,'LULUS/KERJA'),
	(4219,603,6,'LULUS/KERJA'),
	(4220,603,7,'6/12/2000'),
	(4221,603,8,'-19'),
	(4222,604,2,''),
	(4223,604,3,'WARLOB 1'),
	(4224,604,4,'SOREANG'),
	(4225,604,5,''),
	(4226,604,6,''),
	(4227,604,7,''),
	(4228,604,8,'0'),
	(4229,605,2,'LAKI-LAKI'),
	(4230,605,3,'CIWIDEY'),
	(4231,605,4,'SOREANG'),
	(4232,605,5,'SMA'),
	(4233,605,6,'12'),
	(4234,605,7,'27/10/2001'),
	(4235,605,8,'-18'),
	(4236,606,2,'LAKI-LAKI'),
	(4237,606,3,'WARLOB 2'),
	(4238,606,4,'SOREANG'),
	(4239,606,5,''),
	(4240,606,6,''),
	(4241,606,7,'08/10/1997'),
	(4242,606,8,'22'),
	(4243,607,2,''),
	(4244,607,3,'CIWIDEY'),
	(4245,607,4,'SOREANG'),
	(4246,607,5,''),
	(4247,607,6,''),
	(4248,607,7,''),
	(4249,607,8,'0'),
	(4250,608,2,''),
	(4251,608,3,'CIWIDEY'),
	(4252,608,4,'SOREANG'),
	(4253,608,5,''),
	(4254,608,6,''),
	(4255,608,7,''),
	(4256,608,8,'0'),
	(4257,609,2,''),
	(4258,609,3,'CIWIDEY'),
	(4259,609,4,'SOREANG'),
	(4260,609,5,''),
	(4261,609,6,''),
	(4262,609,7,''),
	(4263,609,8,'0'),
	(4264,610,2,'PEREMPUAN'),
	(4265,610,3,'WARLOB 2'),
	(4266,610,4,'SOREANG'),
	(4267,610,5,'SMP'),
	(4268,610,6,'9'),
	(4269,610,7,''),
	(4270,610,8,'0'),
	(4271,611,2,'LAKI-LAKI'),
	(4272,611,3,'WARLOB 2'),
	(4273,611,4,'SOREANG'),
	(4274,611,5,'KULIAH'),
	(4275,611,6,''),
	(4276,611,7,'28/08/1999'),
	(4277,611,8,'20'),
	(4278,612,2,''),
	(4279,612,3,'CIWIDEY'),
	(4280,612,4,'SOREANG'),
	(4281,612,5,''),
	(4282,612,6,''),
	(4283,612,7,''),
	(4284,612,8,'0'),
	(4285,613,2,''),
	(4286,613,3,'SOREANG 2'),
	(4287,613,4,'SOREANG'),
	(4288,613,5,''),
	(4289,613,6,''),
	(4290,613,7,''),
	(4291,613,8,'0'),
	(4292,614,2,''),
	(4293,614,3,'SOREANG 2'),
	(4294,614,4,'SOREANG'),
	(4295,614,5,''),
	(4296,614,6,''),
	(4297,614,7,''),
	(4298,614,8,'0'),
	(4299,615,2,'PEREMPUAN'),
	(4300,615,3,'WARLOB 2'),
	(4301,615,4,'SOREANG'),
	(4302,615,5,''),
	(4303,615,6,''),
	(4304,615,7,''),
	(4305,615,8,'0'),
	(4306,616,2,'LAKI-LAKI'),
	(4307,616,3,'WARLOB 2'),
	(4308,616,4,'SOREANG'),
	(4309,616,5,'SMA'),
	(4310,616,6,'12'),
	(4311,616,7,''),
	(4312,616,8,'0'),
	(4313,617,2,'LAKI-LAKI'),
	(4314,617,3,'WARLOB 1'),
	(4315,617,4,'SOREANG'),
	(4316,617,5,'SMP'),
	(4317,617,6,'9'),
	(4318,617,7,''),
	(4319,617,8,'0'),
	(4320,618,2,'LAKI-LAKI'),
	(4321,618,3,'WARLOB 1'),
	(4322,618,4,'SOREANG'),
	(4323,618,5,''),
	(4324,618,6,''),
	(4325,618,7,''),
	(4326,618,8,'0'),
	(4327,619,2,'PEREMPUAN'),
	(4328,619,3,'SOREANG 2'),
	(4329,619,4,'SOREANG'),
	(4330,619,5,''),
	(4331,619,6,''),
	(4332,619,7,'04/06/2003'),
	(4333,619,8,'16'),
	(4334,620,2,''),
	(4335,620,3,'JUNTI'),
	(4336,620,4,'SOREANG'),
	(4337,620,5,''),
	(4338,620,6,''),
	(4339,620,7,''),
	(4340,620,8,'0'),
	(4341,621,2,'LAKI-LAKI'),
	(4342,621,3,'WARLOB 1'),
	(4343,621,4,'SOREANG'),
	(4344,621,5,'SMK'),
	(4345,621,6,'12'),
	(4346,621,7,''),
	(4347,621,8,'0'),
	(4348,622,2,'PEREMPUAN'),
	(4349,622,3,'WARLOB 2'),
	(4350,622,4,'SOREANG'),
	(4351,622,5,''),
	(4352,622,6,''),
	(4353,622,7,''),
	(4354,622,8,'0'),
	(4355,623,2,'PEREMPUAN'),
	(4356,623,3,'CIWIDEY'),
	(4357,623,4,'SOREANG'),
	(4358,623,5,''),
	(4359,623,6,''),
	(4360,623,7,''),
	(4361,623,8,'0'),
	(4362,624,2,'PEREMPUAN'),
	(4363,624,3,'CIWIDEY'),
	(4364,624,4,'SOREANG'),
	(4365,624,5,''),
	(4366,624,6,''),
	(4367,624,7,''),
	(4368,624,8,'0'),
	(4369,625,2,'LAKI-LAKI'),
	(4370,625,3,'WARLOB 1'),
	(4371,625,4,'SOREANG'),
	(4372,625,5,'LULUS/KERJA'),
	(4373,625,6,'LULUS/KERJA'),
	(4374,625,7,'30/10/2000'),
	(4375,625,8,'-19'),
	(4376,626,2,'PEREMPUAN'),
	(4377,626,3,'WARLOB 1'),
	(4378,626,4,'SOREANG'),
	(4379,626,5,''),
	(4380,626,6,''),
	(4381,626,7,'11/08/1999'),
	(4382,626,8,'20'),
	(4383,627,2,''),
	(4384,627,3,'WARLOB 1'),
	(4385,627,4,'SOREANG'),
	(4386,627,5,''),
	(4387,627,6,''),
	(4388,627,7,''),
	(4389,627,8,'0'),
	(4390,628,2,'PEREMPUAN'),
	(4391,628,3,'CIWIDEY'),
	(4392,628,4,'SOREANG'),
	(4393,628,5,''),
	(4394,628,6,''),
	(4395,628,7,'18/04/2003'),
	(4396,628,8,'16'),
	(4397,629,2,'PEREMPUAN'),
	(4398,629,3,'WARLOB 2'),
	(4399,629,4,'SOREANG'),
	(4400,629,5,'SMA'),
	(4401,629,6,'12'),
	(4402,629,7,'15/9/2000'),
	(4403,629,8,'-19'),
	(4404,630,2,'PEREMPUAN'),
	(4405,630,3,'CIWIDEY'),
	(4406,630,4,'SOREANG'),
	(4407,630,5,''),
	(4408,630,6,''),
	(4409,630,7,''),
	(4410,630,8,'0'),
	(4411,631,2,'LAKI-LAKI'),
	(4412,631,3,'WARLOB 1'),
	(4413,631,4,'SOREANG'),
	(4414,631,5,'LULUS/KERJA'),
	(4415,631,6,'LULUS/KERJA'),
	(4416,631,7,'23/10/1996'),
	(4417,631,8,'-23'),
	(4418,632,2,''),
	(4419,632,3,'CIWIDEY'),
	(4420,632,4,'SOREANG'),
	(4421,632,5,''),
	(4422,632,6,''),
	(4423,632,7,''),
	(4424,632,8,'0'),
	(4425,633,2,''),
	(4426,633,3,'WARLOB 1'),
	(4427,633,4,'SOREANG'),
	(4428,633,5,''),
	(4429,633,6,''),
	(4430,633,7,''),
	(4431,633,8,'0'),
	(4432,634,2,'LAKI-LAKI'),
	(4433,634,3,'JUNTI'),
	(4434,634,4,'SOREANG'),
	(4435,634,5,'KULIAH'),
	(4436,634,6,''),
	(4437,634,7,''),
	(4438,634,8,'0'),
	(4439,635,2,'LAKI-LAKI'),
	(4440,635,3,'SOREANG 1'),
	(4441,635,4,'SOREANG'),
	(4442,635,5,'KULIAH'),
	(4443,635,6,''),
	(4444,635,7,''),
	(4445,635,8,'0'),
	(4446,636,2,'LAKI-LAKI'),
	(4447,636,3,'SOREANG 2'),
	(4448,636,4,'SOREANG'),
	(4449,636,5,'KULIAH'),
	(4450,636,6,'4'),
	(4451,636,7,'8/6/1997'),
	(4452,636,8,'-22'),
	(4453,637,2,'LAKI-LAKI'),
	(4454,637,3,'SOREANG 2'),
	(4455,637,4,'SOREANG'),
	(4456,637,5,'KULIAH'),
	(4457,637,6,''),
	(4458,637,7,''),
	(4459,637,8,'0'),
	(4460,638,2,'LAKI-LAKI'),
	(4461,638,3,'WARLOB 1'),
	(4462,638,4,'SOREANG'),
	(4463,638,5,'KULIAH'),
	(4464,638,6,'LULUS/KERJA'),
	(4465,638,7,'//'),
	(4466,638,8,'NaN'),
	(4467,639,2,'PEREMPUAN'),
	(4468,639,3,'WARLOB 1'),
	(4469,639,4,'SOREANG'),
	(4470,639,5,'KULIAH'),
	(4471,639,6,''),
	(4472,639,7,''),
	(4473,639,8,'0'),
	(4474,640,2,'PEREMPUAN'),
	(4475,640,3,'WARLOB 1'),
	(4476,640,4,'SOREANG'),
	(4477,640,5,'KULIAH'),
	(4478,640,6,''),
	(4479,640,7,''),
	(4480,640,8,'0'),
	(4481,641,2,'LAKI-LAKI'),
	(4482,641,3,'WARLOB 2'),
	(4483,641,4,'SOREANG'),
	(4484,641,5,'KULIAH'),
	(4485,641,6,''),
	(4486,641,7,'null/null/NaN'),
	(4487,641,8,'NaN'),
	(4488,642,2,'LAKI-LAKI'),
	(4489,642,3,'WARLOB 2'),
	(4490,642,4,'SOREANG'),
	(4491,642,5,'KULIAH'),
	(4492,642,6,'LULUS/KERJA'),
	(4493,642,7,'22/10/1998'),
	(4494,642,8,'-21'),
	(4495,643,2,'LAKI-LAKI'),
	(4496,643,3,'WARLOB 2'),
	(4497,643,4,'SOREANG'),
	(4498,643,5,'KULIAH'),
	(4499,643,6,''),
	(4500,643,7,'10/08/97'),
	(4501,643,8,'-22'),
	(4502,644,2,'LAKI-LAKI'),
	(4503,644,3,'WARLOB 1'),
	(4504,644,4,'SOREANG'),
	(4505,644,5,'KULIAH'),
	(4506,644,6,''),
	(4507,644,7,''),
	(4508,644,8,'0'),
	(4541,650,2,'LAKI-LAKI'),
	(4542,650,3,'CIWIDEY'),
	(4543,650,4,'SOREANG'),
	(4544,650,5,'LULUS/KERJA'),
	(4545,650,6,'LULUS/KERJA'),
	(4546,650,7,'23//'),
	(4547,650,8,'0'),
	(4548,651,2,'LAKI-LAKI'),
	(4549,651,3,'CIWIDEY'),
	(4550,651,4,'SOREANG'),
	(4551,651,5,'LULUS/KERJA'),
	(4552,651,6,'LULUS/KERJA'),
	(4553,651,7,'20/januari/1998'),
	(4554,651,8,'NaN'),
	(4555,652,2,'PEREMPUAN'),
	(4556,652,3,'MAPER'),
	(4557,652,4,'SAYATI'),
	(4558,652,5,''),
	(4559,652,6,''),
	(4560,652,7,'//1991'),
	(4561,652,8,'NaN'),
	(4562,653,2,'LAKI-LAKI'),
	(4563,653,3,'CIWIDEY'),
	(4564,653,4,'SOREANG'),
	(4565,653,5,'LULUS/KERJA'),
	(4566,653,6,'LULUS/KERJA'),
	(4567,653,7,'07/10/1997'),
	(4568,653,8,'-22'),
	(4569,654,2,'LAKI-LAKI'),
	(4570,654,3,'CIWIDEY'),
	(4571,654,4,'SOREANG'),
	(4572,654,5,'LULUS/KERJA'),
	(4573,654,6,'LULUS/KERJA'),
	(4574,654,7,'23 /10/2002'),
	(4575,654,8,'-17'),
	(4576,655,2,'PEREMPUAN'),
	(4577,655,3,'CIPTIM'),
	(4578,655,4,'BALEENDAH'),
	(4579,655,5,'LULUS/KERJA'),
	(4580,655,6,'LULUS/KERJA'),
	(4581,655,7,'25/02/2000'),
	(4582,655,8,'-20'),
	(4583,656,2,'PEREMPUAN'),
	(4584,656,3,'CIPTIM'),
	(4585,656,4,'BALEENDAH'),
	(4586,656,5,'KULIAH'),
	(4587,656,6,'4'),
	(4588,656,7,'7/09/1998'),
	(4589,656,8,'-21'),
	(4590,657,2,'LAKI-LAKI'),
	(4591,657,3,'CIWIDEY'),
	(4592,657,4,'SOREANG'),
	(4593,657,5,'LULUS/KERJA'),
	(4594,657,6,'LULUS/KERJA'),
	(4595,657,7,'12/12/1999'),
	(4596,657,8,'-20'),
	(4597,658,2,'LAKI-LAKI'),
	(4598,658,3,'CIWIDEY'),
	(4599,658,4,'SOREANG'),
	(4600,658,5,'LULUS/KERJA'),
	(4601,658,6,'LULUS/KERJA'),
	(4602,658,7,'//'),
	(4603,658,8,'NaN'),
	(4604,659,2,'PEREMPUAN'),
	(4605,659,3,'NAMBO'),
	(4606,659,4,'BANJARAN'),
	(4607,659,5,'LULUS/KERJA'),
	(4608,659,6,'LULUS/KERJA'),
	(4609,659,7,'20/8/1999'),
	(4610,659,8,'-20'),
	(4611,660,2,'LAKI-LAKI'),
	(4612,660,3,'CIWIDEY'),
	(4613,660,4,'SOREANG'),
	(4614,660,5,'LULUS/KERJA'),
	(4615,660,6,'LULUS/KERJA'),
	(4616,660,7,'07/10/1997'),
	(4617,660,8,'-22'),
	(4618,661,2,'LAKI-LAKI'),
	(4619,661,3,'BARUJATI'),
	(4620,661,4,'CIPARAY'),
	(4621,661,5,'LULUS/KERJA'),
	(4622,661,6,'LULUS/KERJA'),
	(4623,661,7,'24/02/1998'),
	(4624,661,8,'-22'),
	(4625,662,2,'LAKI-LAKI'),
	(4626,662,3,'SOREANG 1'),
	(4627,662,4,'SOREANG'),
	(4628,662,5,'LULUS/KERJA'),
	(4629,662,6,'LULUS/KERJA'),
	(4630,662,7,'30/11/1997'),
	(4631,662,8,'-22'),
	(4632,663,2,'LAKI-LAKI'),
	(4633,663,3,'CIWIDEY'),
	(4634,663,4,'SOREANG'),
	(4635,663,5,'LULUS/KERJA'),
	(4636,663,6,'LULUS/KERJA'),
	(4637,663,7,'09/05/1997 '),
	(4638,663,8,'-22'),
	(4639,664,2,'PEREMPUAN'),
	(4640,664,3,'CIPBAR'),
	(4641,664,4,'BALEENDAH'),
	(4642,664,5,'LULUS/KERJA'),
	(4643,664,6,'LULUS/KERJA'),
	(4644,664,7,'22/MEI/2001'),
	(4645,664,8,'NaN'),
	(4646,665,2,'LAKI-LAKI'),
	(4647,665,3,'KBSI'),
	(4648,665,4,'CIPARAY'),
	(4649,665,5,'LULUS/KERJA'),
	(4650,665,6,'LULUS/KERJA'),
	(4651,665,7,'24/10/1998'),
	(4652,665,8,'-21'),
	(4653,666,2,'PEREMPUAN'),
	(4654,666,3,'CIPTIM'),
	(4655,666,4,'BALEENDAH'),
	(4656,666,5,'LULUS/KERJA'),
	(4657,666,6,'LULUS/KERJA'),
	(4658,666,7,'06/11/2000'),
	(4659,666,8,'-19'),
	(4660,667,2,'PEREMPUAN'),
	(4661,667,3,'KERTAMANAH'),
	(4662,667,4,'BALEENDAH'),
	(4663,667,5,'KULIAH'),
	(4664,667,6,'1'),
	(4665,667,7,'5/DESEMBER/2000'),
	(4666,667,8,'NaN'),
	(4667,668,2,'LAKI-LAKI'),
	(4668,668,3,'HAURBUYUT'),
	(4669,668,4,'MAJALAYA'),
	(4670,668,5,'LULUS/KERJA'),
	(4671,668,6,'LULUS/KERJA'),
	(4672,668,7,'10/05/2000'),
	(4673,668,8,'-19'),
	(4674,669,2,'PEREMPUAN'),
	(4675,669,3,'BURUJUL'),
	(4676,669,4,'SAYATI'),
	(4677,669,5,'LULUS/KERJA'),
	(4678,669,6,'LULUS/KERJA'),
	(4679,669,7,'9/1/1997'),
	(4680,669,8,'-23'),
	(4681,670,2,'LAKI-LAKI'),
	(4682,670,3,'SUKMA 2'),
	(4683,670,4,'MAJALAYA'),
	(4684,670,5,'LULUS/KERJA'),
	(4685,670,6,'LULUS/KERJA'),
	(4686,670,7,'10/9/1999'),
	(4687,670,8,'-20'),
	(4688,671,2,'PEREMPUAN'),
	(4689,671,3,'CIPBAR'),
	(4690,671,4,'BALEENDAH'),
	(4691,671,5,'LULUS/KERJA'),
	(4692,671,6,'LULUS/KERJA'),
	(4693,671,7,'4/7/1998'),
	(4694,671,8,'-21'),
	(4695,672,2,'LAKI-LAKI'),
	(4696,672,3,'MARKEN'),
	(4697,672,4,'SAYATI'),
	(4698,672,5,'KULIAH'),
	(4699,672,6,'1'),
	(4700,672,7,'20/null/2000'),
	(4701,672,8,'NaN'),
	(4702,673,2,'PEREMPUAN'),
	(4703,673,3,'WARLOB 1'),
	(4704,673,4,'SOREANG'),
	(4705,673,5,'LULUS/KERJA'),
	(4706,673,6,'LULUS/KERJA'),
	(4707,673,7,'11/6/2000'),
	(4708,673,8,'-19'),
	(4709,674,2,'PEREMPUAN'),
	(4710,674,3,'DAYEUHKOLOT'),
	(4711,674,4,'BALEENDAH'),
	(4712,674,5,'LULUS/KERJA'),
	(4713,674,6,'LULUS/KERJA'),
	(4714,674,7,'14/september/1996'),
	(4715,674,8,'NaN'),
	(4716,675,2,'PEREMPUAN'),
	(4717,675,3,'CIPBAR'),
	(4718,675,4,'BALEENDAH'),
	(4719,675,5,'SMA'),
	(4720,675,6,'12'),
	(4721,675,7,'27/1/2000'),
	(4722,675,8,'-20'),
	(4723,676,2,'PEREMPUAN'),
	(4724,676,3,'CIDAWOLONG'),
	(4725,676,4,'CIPARAY'),
	(4726,676,5,'SMA'),
	(4727,676,6,'12'),
	(4728,676,7,'25/1/2000'),
	(4729,676,8,'-20'),
	(4730,677,2,'PEREMPUAN'),
	(4731,677,3,'JUNTI'),
	(4732,677,4,'SOREANG'),
	(4733,677,5,'LULUS/KERJA'),
	(4734,677,6,'LULUS/KERJA'),
	(4735,677,7,'//'),
	(4736,677,8,'NaN'),
	(4737,678,2,'LAKI-LAKI'),
	(4738,678,3,'CIPBAR'),
	(4739,678,4,'BALEENDAH'),
	(4740,678,5,'SMK'),
	(4741,678,6,'12'),
	(4742,678,7,'8/JANIARI/2000'),
	(4743,678,8,'NaN'),
	(4744,679,2,'PEREMPUAN'),
	(4745,679,3,'MUARA'),
	(4746,679,4,'MAJALAYA'),
	(4747,679,5,'LULUS/KERJA'),
	(4748,679,6,'LULUS/KERJA'),
	(4749,679,7,'23/8/2001'),
	(4750,679,8,'-18'),
	(4751,680,2,'PEREMPUAN'),
	(4752,680,3,'MUARA'),
	(4753,680,4,'MAJALAYA'),
	(4754,680,5,'SMA'),
	(4755,680,6,'10'),
	(4756,680,7,'25/AGUSTUS/2000'),
	(4757,680,8,'NaN'),
	(4758,681,2,'PEREMPUAN'),
	(4759,681,3,'JUNTI'),
	(4760,681,4,'SOREANG'),
	(4761,681,5,'LULUS/KERJA'),
	(4762,681,6,'LULUS/KERJA'),
	(4763,681,7,'19/11/2000'),
	(4764,681,8,'-19'),
	(4765,682,2,'PEREMPUAN'),
	(4766,682,3,'CIPTIM'),
	(4767,682,4,'BALEENDAH'),
	(4768,682,5,'LULUS/KERJA'),
	(4769,682,6,'LULUS/KERJA'),
	(4770,682,7,'12/12/1999'),
	(4771,682,8,'-20'),
	(4772,683,2,'LAKI-LAKI'),
	(4773,683,3,'CIJULANG'),
	(4774,683,4,'BANJARAN'),
	(4775,683,5,'LULUS/KERJA'),
	(4776,683,6,'LULUS/KERJA'),
	(4777,683,7,'16/8/1999'),
	(4778,683,8,'-20'),
	(4779,684,2,'PEREMPUAN'),
	(4780,684,3,'KOPER'),
	(4781,684,4,'SAYATI'),
	(4782,684,5,'SMA'),
	(4783,684,6,'11'),
	(4784,684,7,'8/5/1996'),
	(4785,684,8,'-23'),
	(4786,685,2,'PEREMPUAN'),
	(4787,685,3,'BOJONG'),
	(4788,685,4,'MAJALAYA'),
	(4789,685,5,''),
	(4790,685,6,''),
	(4791,685,7,'1/1/2000'),
	(4792,685,8,'-20'),
	(4793,686,2,'LAKI-LAKI'),
	(4794,686,3,'KPM'),
	(4795,686,4,'BALEENDAH'),
	(4796,686,5,'KULIAH'),
	(4797,686,6,'2'),
	(4798,686,7,'20/2/2001'),
	(4799,686,8,'-19'),
	(4800,687,2,'PEREMPUAN'),
	(4801,687,3,'PONGPORANG'),
	(4802,687,4,'MAJALAYA'),
	(4803,687,5,'SMA'),
	(4804,687,6,'10'),
	(4805,687,7,'8/5/1996'),
	(4806,687,8,'-23'),
	(4807,688,2,'LAKI-LAKI'),
	(4808,688,3,'CIPBAR'),
	(4809,688,4,'BALEENDAH'),
	(4810,688,5,'KULIAH'),
	(4811,688,6,'2'),
	(4812,688,7,'10/1/2000'),
	(4813,688,8,'-20'),
	(4814,689,2,'LAKI-LAKI'),
	(4815,689,3,'PANGALENGAN'),
	(4816,689,4,'BANJARAN'),
	(4817,689,5,'SMA'),
	(4818,689,6,'12'),
	(4819,689,7,'25/2/2001'),
	(4820,689,8,'-19'),
	(4821,690,2,'LAKI-LAKI'),
	(4822,690,3,'PANGALENGAN'),
	(4823,690,4,'BANJARAN'),
	(4824,690,5,'KULIAH'),
	(4825,690,6,'2'),
	(4826,690,7,'22/3/2001'),
	(4827,690,8,'-18'),
	(4828,691,2,'LAKI-LAKI'),
	(4829,691,3,'PANGALENGAN'),
	(4830,691,4,'BANJARAN'),
	(4831,691,5,'LULUS/KERJA'),
	(4832,691,6,'LULUS/KERJA'),
	(4833,691,7,'7/9/1999'),
	(4834,691,8,'-20'),
	(4835,692,2,'PEREMPUAN'),
	(4836,692,3,'BURUJUL'),
	(4837,692,4,'SAYATI'),
	(4838,692,5,'KULIAH'),
	(4839,692,6,'3'),
	(4840,692,7,'20/5/1998'),
	(4841,692,8,'-21'),
	(4842,693,2,''),
	(4843,693,3,'PANGALENGAN'),
	(4844,693,4,'BANJARAN'),
	(4845,693,5,'LULUS/KERJA'),
	(4846,693,6,'LULUS/KERJA'),
	(4847,693,7,'30/12/20000'),
	(4848,693,8,'-19'),
	(4849,694,2,'PEREMPUAN'),
	(4850,694,3,'CIMAUNG'),
	(4851,694,4,'BANJARAN'),
	(4852,694,5,'SMA'),
	(4853,694,6,'12'),
	(4854,694,7,'03/04/2002'),
	(4855,694,8,'-17'),
	(4856,695,2,'PEREMPUAN'),
	(4857,695,3,'KPM'),
	(4858,695,4,'BALEENDAH'),
	(4859,695,5,'KULIAH'),
	(4860,695,6,'4'),
	(4861,695,7,'29/4/1998'),
	(4862,695,8,'-21'),
	(4863,696,2,'PEREMPUAN'),
	(4864,696,3,'KPM'),
	(4865,696,4,'BALEENDAH'),
	(4866,696,5,'KULIAH'),
	(4867,696,6,'4'),
	(4868,696,7,'28/8/1998'),
	(4869,696,8,'-21'),
	(4870,697,2,'PEREMPUAN'),
	(4871,697,3,'KPM'),
	(4872,697,4,'BALEENDAH'),
	(4873,697,5,'KULIAH'),
	(4874,697,6,'4'),
	(4875,697,7,'31/8/1997'),
	(4876,697,8,'-22'),
	(4877,698,2,'PEREMPUAN'),
	(4878,698,3,'BARUJATI'),
	(4879,698,4,'CIPARAY'),
	(4880,698,5,'LULUS/KERJA'),
	(4881,698,6,'LULUS/KERJA'),
	(4882,698,7,'24/01/2000'),
	(4883,698,8,'-20'),
	(4884,699,2,'LAKI-LAKI'),
	(4885,699,3,'KOPER'),
	(4886,699,4,'SAYATI'),
	(4887,699,5,'LULUS/KERJA'),
	(4888,699,6,'LULUS/KERJA'),
	(4889,699,7,'9/5/1993'),
	(4890,699,8,'-26'),
	(4891,700,2,'PEREMPUAN'),
	(4892,700,3,'CIWIDEY'),
	(4893,700,4,'SOREANG'),
	(4894,700,5,'LULUS/KERJA'),
	(4895,700,6,'LULUS/KERJA'),
	(4896,700,7,'3/9/2001'),
	(4897,700,8,'-18'),
	(4898,701,2,'LAKI-LAKI'),
	(4899,701,3,'WARLOB 2'),
	(4900,701,4,'SOREANG'),
	(4901,701,5,'SMP'),
	(4902,701,6,'7'),
	(4903,701,7,'9/5/1993'),
	(4904,701,8,'-26'),
	(4905,702,2,'PEREMPUAN'),
	(4906,702,3,'MAPER'),
	(4907,702,4,'SAYATI'),
	(4908,702,5,'LULUS/KERJA'),
	(4909,702,6,'LULUS/KERJA'),
	(4910,702,7,'30/7/1996'),
	(4911,702,8,'-23'),
	(4912,703,2,'PEREMPUAN'),
	(4913,703,3,'BURUJUL'),
	(4914,703,4,'SAYATI'),
	(4915,703,5,'LULUS/KERJA'),
	(4916,703,6,'LULUS/KERJA'),
	(4917,703,7,'12/7/2001'),
	(4918,703,8,'-18'),
	(4919,704,2,'PEREMPUAN'),
	(4920,704,3,'CIPBAR'),
	(4921,704,4,'BALEENDAH'),
	(4922,704,5,'SMA'),
	(4923,704,6,'12'),
	(4924,704,7,'24/JANUARI/2001'),
	(4925,704,8,'NaN'),
	(4926,705,2,'LAKI-LAKI'),
	(4927,705,3,'CIPTIM'),
	(4928,705,4,'BALEENDAH'),
	(4929,705,5,'KULIAH'),
	(4930,705,6,'1'),
	(4931,705,7,'null/null/'),
	(4932,705,8,'NaN'),
	(4933,706,2,'LAKI-LAKI'),
	(4934,706,3,'CIMAUNG'),
	(4935,706,4,'BANJARAN'),
	(4936,706,5,'KULIAH'),
	(4937,706,6,'4'),
	(4938,706,7,'16/5/1998'),
	(4939,706,8,'-21'),
	(4940,707,2,'LAKI-LAKI'),
	(4941,707,3,'BURUJUL'),
	(4942,707,4,'SAYATI'),
	(4943,707,5,'SMK'),
	(4944,707,6,'12'),
	(4945,707,7,'10/11/1996'),
	(4946,707,8,'-23'),
	(4947,708,2,'LAKI-LAKI'),
	(4948,708,3,'CIMAUNG'),
	(4949,708,4,'BANJARAN'),
	(4950,708,5,'KULIAH'),
	(4951,708,6,'4'),
	(4952,708,7,'16/5/1998'),
	(4953,708,8,'-21'),
	(4954,709,2,'LAKI-LAKI'),
	(4955,709,3,'PONDOK'),
	(4956,709,4,'BALEENDAH'),
	(4957,709,5,'LULUS/KERJA'),
	(4958,709,6,'LULUS/KERJA'),
	(4959,709,7,'10/3/2000'),
	(4960,709,8,'-20'),
	(4961,710,2,'PEREMPUAN'),
	(4962,710,3,'CIPBAR'),
	(4963,710,4,'BALEENDAH'),
	(4964,710,5,'KULIAH'),
	(4965,710,6,'4'),
	(4966,710,7,'21/08/1999'),
	(4967,710,8,'-20'),
	(4968,711,2,'PEREMPUAN'),
	(4969,711,3,'KPM'),
	(4970,711,4,'BALEENDAH'),
	(4971,711,5,'LULUS/KERJA'),
	(4972,711,6,'LULUS/KERJA'),
	(4973,711,7,'28/4/1999'),
	(4974,711,8,'-20'),
	(4975,712,2,'LAKI-LAKI'),
	(4976,712,3,'PONDOK'),
	(4977,712,4,'BALEENDAH'),
	(4978,712,5,'LULUS/KERJA'),
	(4979,712,6,'LULUS/KERJA'),
	(4980,712,7,'30/5/2000'),
	(4981,712,8,'-19'),
	(4982,713,2,'PEREMPUAN'),
	(4983,713,3,'KPM'),
	(4984,713,4,'BALEENDAH'),
	(4985,713,5,'KULIAH'),
	(4986,713,6,'1'),
	(4987,713,7,'16/10/1996'),
	(4988,713,8,'-23'),
	(4989,714,2,'PEREMPUAN'),
	(4990,714,3,'KPM'),
	(4991,714,4,'BALEENDAH'),
	(4992,714,5,'KULIAH'),
	(4993,714,6,'3'),
	(4994,714,7,'3/1/2000'),
	(4995,714,8,'-20'),
	(4996,715,2,'PEREMPUAN'),
	(4997,715,3,'WARLOB 1'),
	(4998,715,4,'SOREANG'),
	(4999,715,5,'LULUS/KERJA'),
	(5000,715,6,'LULUS/KERJA'),
	(5001,715,7,'8/5/2001'),
	(5002,715,8,'-18'),
	(5003,716,2,'LAKI-LAKI'),
	(5004,716,3,'SOREANG 2'),
	(5005,716,4,'SOREANG'),
	(5006,716,5,'SMA'),
	(5007,716,6,'12'),
	(5008,716,7,'26/3/1995'),
	(5009,716,8,'-24'),
	(5010,717,2,'PEREMPUAN'),
	(5011,717,3,'CIPAKU'),
	(5012,717,4,'CIPARAY'),
	(5013,717,5,'KULIAH'),
	(5014,717,6,'2'),
	(5015,717,7,'10/11/2000'),
	(5016,717,8,'-19'),
	(5017,718,2,'PEREMPUAN'),
	(5018,718,3,'CIDAWOLONG'),
	(5019,718,4,'CIPARAY'),
	(5020,718,5,'LULUS/KERJA'),
	(5021,718,6,'LULUS/KERJA'),
	(5022,718,7,'25/12/1998'),
	(5023,718,8,'-21'),
	(5024,719,2,'LAKI-LAKI'),
	(5025,719,3,'BURUJUL'),
	(5026,719,4,'SAYATI'),
	(5027,719,5,'LULUS/KERJA'),
	(5028,719,6,'LULUS/KERJA'),
	(5029,719,7,'16/5/1993'),
	(5030,719,8,'-26'),
	(5031,720,2,'LAKI-LAKI'),
	(5032,720,3,'PPM'),
	(5033,720,4,'BALEENDAH'),
	(5034,720,5,'LULUS/KERJA'),
	(5035,720,6,'LULUS/KERJA'),
	(5036,720,7,'12/12/1995'),
	(5037,720,8,'-24'),
	(5038,721,2,'PEREMPUAN'),
	(5039,721,3,'SOREANG 1'),
	(5040,721,4,'SOREANG'),
	(5041,721,5,'LULUS/KERJA'),
	(5042,721,6,'LULUS/KERJA'),
	(5043,721,7,'29/5/1995'),
	(5044,721,8,'-24'),
	(5045,722,2,'PEREMPUAN'),
	(5046,722,3,'NAMBO'),
	(5047,722,4,'BANJARAN'),
	(5048,722,5,'LULUS/KERJA'),
	(5049,722,6,'LULUS/KERJA'),
	(5050,722,7,'12/1/1995'),
	(5051,722,8,'-25'),
	(5052,723,2,'LAKI-LAKI'),
	(5053,723,3,'CIPTIM'),
	(5054,723,4,'BALEENDAH'),
	(5055,723,5,'KULIAH'),
	(5056,723,6,'3'),
	(5057,723,7,'2/11/1998'),
	(5058,723,8,'-21'),
	(5059,724,2,'LAKI-LAKI'),
	(5060,724,3,'WARLOB 1'),
	(5061,724,4,'SOREANG'),
	(5062,724,5,'LULUS/KERJA'),
	(5063,724,6,'LULUS/KERJA'),
	(5064,724,7,'4/8/2000'),
	(5065,724,8,'-19'),
	(5066,725,2,'PEREMPUAN'),
	(5067,725,3,'PALASARI'),
	(5068,725,4,'BALEENDAH'),
	(5069,725,5,'SMP'),
	(5070,725,6,'7'),
	(5071,725,7,'7/5/2000'),
	(5072,725,8,'-19'),
	(5073,726,2,'LAKI-LAKI'),
	(5074,726,3,'KPM'),
	(5075,726,4,'BALEENDAH'),
	(5076,726,5,'KULIAH'),
	(5077,726,6,'2'),
	(5078,726,7,'30/1/2001'),
	(5079,726,8,'-19'),
	(5080,727,2,'LAKI-LAKI'),
	(5081,727,3,'CIPBAR'),
	(5082,727,4,'BALEENDAH'),
	(5083,727,5,'LULUS/KERJA'),
	(5084,727,6,'LULUS/KERJA'),
	(5085,727,7,'8/11/1995'),
	(5086,727,8,'-24');

/*!40000 ALTER TABLE `audience_meta_value` ENABLE KEYS */;
UNLOCK TABLES;


# Dump of table event
# ------------------------------------------------------------

DROP TABLE IF EXISTS `event`;

CREATE TABLE `event` (
  `id` int(10) NOT NULL AUTO_INCREMENT,
  `event_head_id` int(10) NOT NULL,
  `date` date NOT NULL,
  `time` time NOT NULL,
  `note` tinytext NOT NULL,
  PRIMARY KEY (`id`)
) ENGINE=InnoDB DEFAULT CHARSET=latin1;

LOCK TABLES `event` WRITE;
/*!40000 ALTER TABLE `event` DISABLE KEYS */;

INSERT INTO `event` (`id`, `event_head_id`, `date`, `time`, `note`)
VALUES
	(2,2,'2019-12-16','00:00:00','test'),
	(3,2,'2019-12-16','00:00:00','');

/*!40000 ALTER TABLE `event` ENABLE KEYS */;
UNLOCK TABLES;


# Dump of table event_head
# ------------------------------------------------------------

DROP TABLE IF EXISTS `event_head`;

CREATE TABLE `event_head` (
  `id` int(10) NOT NULL AUTO_INCREMENT,
  `user_id` int(10) NOT NULL,
  `name` varchar(100) NOT NULL,
  `audience_head_id` int(10) NOT NULL,
  `type` varchar(15) NOT NULL,
  PRIMARY KEY (`id`)
) ENGINE=InnoDB DEFAULT CHARSET=latin1;

LOCK TABLES `event_head` WRITE;
/*!40000 ALTER TABLE `event_head` DISABLE KEYS */;

INSERT INTO `event_head` (`id`, `user_id`, `name`, `audience_head_id`, `type`)
VALUES
	(2,1,'test2',7,'');

/*!40000 ALTER TABLE `event_head` ENABLE KEYS */;
UNLOCK TABLES;


# Dump of table audience_head_audience_meta_index
# ------------------------------------------------------------

DROP TABLE IF EXISTS `audience_head_audience_meta_index`;

CREATE TABLE `audience_head_audience_meta_index` (
  `id` int(10) unsigned NOT NULL AUTO_INCREMENT,
  `event_head_id` int(10) DEFAULT NULL,
  `audience_meta_index_id` int(10) DEFAULT NULL,
  PRIMARY KEY (`id`)
) ENGINE=InnoDB DEFAULT CHARSET=latin1;

LOCK TABLES `audience_head_audience_meta_index` WRITE;
/*!40000 ALTER TABLE `audience_head_audience_meta_index` DISABLE KEYS */;

INSERT INTO `audience_head_audience_meta_index` (`id`, `event_head_id`, `audience_meta_index_id`)
VALUES
	(1,2,2),
	(2,2,3),
	(3,2,4),
	(4,2,5),
	(5,2,6),
	(6,2,7),
	(7,2,8);

/*!40000 ALTER TABLE `audience_head_audience_meta_index` ENABLE KEYS */;
UNLOCK TABLES;


# Dump of table presence
# ------------------------------------------------------------

DROP TABLE IF EXISTS `presence`;

CREATE TABLE `presence` (
  `id` int(10) NOT NULL AUTO_INCREMENT,
  `event_id` int(10) NOT NULL,
  `audience_id` int(10) NOT NULL,
  `status` varchar(10) NOT NULL,
  `date` timestamp NOT NULL DEFAULT CURRENT_TIMESTAMP,
  PRIMARY KEY (`id`)
) ENGINE=InnoDB DEFAULT CHARSET=latin1;

LOCK TABLES `presence` WRITE;
/*!40000 ALTER TABLE `presence` DISABLE KEYS */;

INSERT INTO `presence` (`id`, `event_id`, `audience_id`, `status`, `date`)
VALUES
	(36,2,131,'present','2020-03-15 01:10:09'),
	(37,2,458,'present','2020-03-15 01:10:14'),
	(38,2,131,'present','2020-03-15 01:10:41'),
	(39,2,131,'present','2020-03-15 01:11:14'),
	(40,2,650,'present','2020-03-15 01:11:39'),
	(41,2,605,'present','2020-03-15 01:11:46'),
	(42,2,651,'present','2020-03-15 01:12:42'),
	(43,2,131,'present','2020-03-15 01:13:00'),
	(44,2,39,'present','2020-03-15 01:13:14'),
	(45,2,652,'present','2020-03-15 01:13:38'),
	(46,2,653,'present','2020-03-15 01:14:12'),
	(47,2,654,'present','2020-03-15 01:14:36'),
	(48,2,257,'present','2020-03-15 01:14:38'),
	(49,2,655,'present','2020-03-15 01:14:39'),
	(50,2,261,'present','2020-03-15 01:15:03'),
	(51,2,656,'present','2020-03-15 01:15:26'),
	(52,2,131,'present','2020-03-15 01:16:13'),
	(53,2,657,'present','2020-03-15 01:16:21'),
	(54,2,658,'present','2020-03-15 01:16:34'),
	(55,2,629,'present','2020-03-15 01:16:42'),
	(56,2,659,'present','2020-03-15 01:16:45'),
	(57,2,341,'present','2020-03-15 01:17:47'),
	(58,2,660,'present','2020-03-15 01:17:47'),
	(59,2,597,'present','2020-03-15 01:17:49'),
	(60,2,661,'present','2020-03-15 01:18:03'),
	(61,2,379,'present','2020-03-15 01:18:37'),
	(62,2,343,'present','2020-03-15 01:19:08'),
	(63,2,0,'present','2020-03-15 01:19:21'),
	(64,2,0,'present','2020-03-15 01:19:24'),
	(65,2,0,'present','2020-03-15 01:19:29'),
	(66,2,0,'present','2020-03-15 01:19:30'),
	(67,2,0,'present','2020-03-15 01:19:31'),
	(68,2,0,'present','2020-03-15 01:19:32'),
	(69,2,0,'present','2020-03-15 01:19:32'),
	(70,2,0,'present','2020-03-15 01:19:33'),
	(71,2,0,'present','2020-03-15 01:19:33'),
	(72,2,0,'present','2020-03-15 01:19:34'),
	(73,2,0,'present','2020-03-15 01:19:35'),
	(74,2,662,'present','2020-03-15 01:20:27'),
	(75,2,663,'present','2020-03-15 01:20:28'),
	(76,2,66,'present','2020-03-15 01:20:43'),
	(77,2,664,'present','2020-03-15 01:20:45'),
	(78,2,665,'present','2020-03-15 01:21:10'),
	(79,2,292,'present','2020-03-15 01:22:08'),
	(80,2,666,'present','2020-03-15 01:22:19'),
	(81,2,638,'present','2020-03-15 01:22:32'),
	(82,2,135,'present','2020-03-15 01:22:59'),
	(83,2,667,'present','2020-03-15 01:23:41'),
	(84,2,352,'present','2020-03-15 01:24:29'),
	(85,2,48,'present','2020-03-15 01:24:29'),
	(86,2,44,'present','2020-03-15 01:25:10'),
	(87,2,54,'present','2020-03-15 01:25:18'),
	(88,2,529,'present','2020-03-15 01:25:46'),
	(89,2,82,'present','2020-03-15 01:25:56'),
	(90,2,411,'present','2020-03-15 01:25:57'),
	(91,2,668,'present','2020-03-15 01:26:00'),
	(92,2,290,'present','2020-03-15 01:26:35'),
	(93,2,283,'present','2020-03-15 01:26:59'),
	(94,2,669,'present','2020-03-15 01:27:01'),
	(95,2,57,'present','2020-03-15 01:28:02'),
	(96,2,229,'present','2020-03-15 01:28:30'),
	(97,2,340,'present','2020-03-15 01:28:53'),
	(98,2,418,'present','2020-03-15 01:28:53'),
	(99,2,559,'present','2020-03-15 01:29:13'),
	(100,2,51,'present','2020-03-15 01:29:22'),
	(101,2,319,'present','2020-03-15 01:29:32'),
	(102,2,643,'present','2020-03-15 01:29:57'),
	(103,2,642,'present','2020-03-15 01:30:05'),
	(104,2,318,'present','2020-03-15 01:30:25'),
	(105,2,670,'present','2020-03-15 01:31:06'),
	(106,2,671,'present','2020-03-15 01:31:11'),
	(107,2,342,'present','2020-03-15 01:31:16'),
	(108,2,431,'present','2020-03-15 01:31:22'),
	(109,2,345,'present','2020-03-15 01:31:29'),
	(110,2,397,'present','2020-03-15 01:31:56'),
	(111,2,672,'present','2020-03-15 01:32:20'),
	(112,2,230,'present','2020-03-15 01:32:41'),
	(113,2,215,'present','2020-03-15 01:33:12'),
	(114,2,673,'present','2020-03-15 01:33:32'),
	(115,2,218,'present','2020-03-15 01:33:35'),
	(116,2,219,'present','2020-03-15 01:33:41'),
	(117,2,216,'present','2020-03-15 01:33:56'),
	(118,2,674,'present','2020-03-15 01:33:58'),
	(119,2,675,'present','2020-03-15 01:34:15'),
	(120,2,72,'present','2020-03-15 01:34:26'),
	(121,2,300,'present','2020-03-15 01:34:54'),
	(122,2,676,'present','2020-03-15 01:34:55'),
	(123,2,677,'present','2020-03-15 01:35:32'),
	(124,2,64,'present','2020-03-15 01:35:47'),
	(125,2,678,'present','2020-03-15 01:37:47'),
	(126,2,679,'present','2020-03-15 01:38:14'),
	(127,2,680,'present','2020-03-15 01:38:16'),
	(128,2,681,'present','2020-03-15 01:38:35'),
	(129,2,466,'present','2020-03-15 01:38:39'),
	(130,2,266,'present','2020-03-15 01:39:08'),
	(131,2,348,'present','2020-03-15 01:39:21'),
	(132,2,347,'present','2020-03-15 01:39:24'),
	(133,2,349,'present','2020-03-15 01:39:40'),
	(134,2,223,'present','2020-03-15 01:39:46'),
	(135,2,330,'present','2020-03-15 01:40:32'),
	(136,2,682,'present','2020-03-15 01:40:44'),
	(137,2,683,'present','2020-03-15 01:41:40'),
	(138,2,86,'present','2020-03-15 01:41:41'),
	(139,2,684,'present','2020-03-15 01:42:11'),
	(140,2,307,'present','2020-03-15 01:42:13'),
	(141,2,685,'present','2020-03-15 01:42:43'),
	(142,2,686,'present','2020-03-15 01:43:04'),
	(143,2,687,'present','2020-03-15 01:43:05'),
	(144,2,386,'present','2020-03-15 01:43:08'),
	(145,2,688,'present','2020-03-15 01:43:21'),
	(146,2,364,'present','2020-03-15 01:43:33'),
	(147,2,9,'present','2020-03-15 01:44:25'),
	(148,2,10,'present','2020-03-15 01:44:49'),
	(149,2,689,'present','2020-03-15 01:45:11'),
	(150,2,690,'present','2020-03-15 01:45:52'),
	(151,2,691,'present','2020-03-15 01:46:32'),
	(152,2,252,'present','2020-03-15 01:46:33'),
	(153,2,692,'present','2020-03-15 01:47:52'),
	(154,2,693,'present','2020-03-15 01:48:17'),
	(155,2,496,'present','2020-03-15 01:48:31'),
	(156,2,94,'present','2020-03-15 01:48:35'),
	(157,2,694,'present','2020-03-15 01:48:43'),
	(158,2,695,'present','2020-03-15 01:49:25'),
	(159,2,696,'present','2020-03-15 01:49:54'),
	(160,2,697,'present','2020-03-15 01:50:16'),
	(161,2,566,'present','2020-03-15 01:50:41'),
	(162,2,577,'present','2020-03-15 01:50:58'),
	(163,2,698,'present','2020-03-15 01:51:14'),
	(164,2,603,'present','2020-03-15 01:51:30'),
	(165,2,592,'present','2020-03-15 01:51:38'),
	(166,2,571,'present','2020-03-15 01:52:08'),
	(167,2,520,'present','2020-03-15 01:52:17'),
	(168,2,499,'present','2020-03-15 01:52:23'),
	(169,2,699,'present','2020-03-15 01:52:38'),
	(170,2,565,'present','2020-03-15 01:53:08'),
	(171,2,23,'present','2020-03-15 01:53:53'),
	(172,2,700,'present','2020-03-15 01:53:58'),
	(173,2,701,'present','2020-03-15 01:54:32'),
	(174,2,573,'present','2020-03-15 01:54:36'),
	(175,2,40,'present','2020-03-15 01:54:37'),
	(176,2,562,'present','2020-03-15 01:54:49'),
	(177,2,449,'present','2020-03-15 01:55:54'),
	(178,2,702,'present','2020-03-15 01:56:06'),
	(179,2,703,'present','2020-03-15 01:56:11'),
	(180,2,16,'present','2020-03-15 01:57:12'),
	(181,2,561,'present','2020-03-15 01:57:33'),
	(182,2,560,'present','2020-03-15 01:57:43'),
	(183,2,231,'present','2020-03-15 01:57:55'),
	(184,2,641,'present','2020-03-15 01:57:55'),
	(185,2,636,'present','2020-03-15 01:58:45'),
	(186,2,704,'present','2020-03-15 01:58:46'),
	(187,2,500,'present','2020-03-15 01:59:12'),
	(188,2,705,'present','2020-03-15 01:59:42'),
	(189,2,706,'present','2020-03-15 01:59:50'),
	(190,2,707,'present','2020-03-15 02:00:11'),
	(191,2,517,'present','2020-03-15 02:00:11'),
	(192,2,534,'present','2020-03-15 02:00:46'),
	(193,2,708,'present','2020-03-15 02:00:55'),
	(194,2,15,'present','2020-03-15 02:00:58'),
	(195,2,709,'present','2020-03-15 02:01:05'),
	(196,2,573,'present','2020-03-15 02:01:14'),
	(197,2,209,'present','2020-03-15 02:01:17'),
	(198,2,212,'present','2020-03-15 02:01:27'),
	(199,2,710,'present','2020-03-15 02:01:30'),
	(200,2,227,'present','2020-03-15 02:01:48'),
	(201,2,213,'present','2020-03-15 02:02:15'),
	(202,2,224,'present','2020-03-15 02:02:18'),
	(203,2,711,'present','2020-03-15 02:03:00'),
	(204,2,181,'present','2020-03-15 02:03:24'),
	(205,2,712,'present','2020-03-15 02:03:28'),
	(206,2,221,'present','2020-03-15 02:03:32'),
	(207,2,220,'present','2020-03-15 02:03:37'),
	(208,2,713,'present','2020-03-15 02:03:54'),
	(209,2,538,'present','2020-03-15 02:04:20'),
	(210,2,522,'present','2020-03-15 02:04:25'),
	(211,2,570,'present','2020-03-15 02:04:48'),
	(212,2,714,'present','2020-03-15 02:04:58'),
	(213,2,715,'present','2020-03-15 02:05:33'),
	(214,2,716,'present','2020-03-15 02:06:09'),
	(215,2,214,'present','2020-03-15 02:06:32'),
	(216,2,33,'present','2020-03-15 02:07:07'),
	(217,2,717,'present','2020-03-15 02:07:18'),
	(218,2,14,'present','2020-03-15 02:07:36'),
	(219,2,718,'present','2020-03-15 02:08:05'),
	(220,2,719,'present','2020-03-15 02:08:37'),
	(221,2,153,'present','2020-03-15 02:20:32'),
	(222,2,217,'present','2020-03-15 02:21:19'),
	(223,2,222,'present','2020-03-15 02:21:38'),
	(224,2,720,'present','2020-03-15 02:22:18'),
	(225,2,226,'present','2020-03-15 02:22:29'),
	(226,2,363,'present','2020-03-15 02:23:01'),
	(227,2,486,'present','2020-03-15 02:23:13'),
	(228,2,369,'present','2020-03-15 02:23:23'),
	(229,2,442,'present','2020-03-15 02:23:41'),
	(230,2,631,'present','2020-03-15 02:27:18'),
	(231,2,721,'present','2020-03-15 02:27:47'),
	(232,2,722,'present','2020-03-15 02:28:22'),
	(233,2,277,'present','2020-03-15 02:28:37'),
	(234,2,19,'present','2020-03-15 02:30:09'),
	(235,2,53,'present','2020-03-15 02:31:04'),
	(236,2,42,'present','2020-03-15 02:32:23'),
	(237,2,49,'present','2020-03-15 02:40:20'),
	(238,2,149,'present','2020-03-15 02:41:15'),
	(239,2,723,'present','2020-03-15 02:41:48'),
	(240,2,625,'present','2020-03-15 02:54:04'),
	(241,2,724,'present','2020-03-15 02:55:12'),
	(242,2,146,'present','2020-03-15 03:03:54'),
	(243,2,132,'present','2020-03-15 03:04:27'),
	(244,2,725,'present','2020-03-15 03:10:37'),
	(245,2,123,'present','2020-03-15 03:16:56'),
	(246,2,129,'present','2020-03-15 03:18:08'),
	(247,2,108,'present','2020-03-15 03:23:54'),
	(248,2,105,'present','2020-03-15 03:24:29'),
	(249,2,151,'present','2020-03-15 03:37:31'),
	(250,2,140,'present','2020-03-15 03:48:00'),
	(251,2,115,'present','2020-03-15 03:48:23'),
	(252,2,144,'present','2020-03-15 03:50:41'),
	(253,2,117,'present','2020-03-15 04:00:24'),
	(254,2,111,'present','2020-03-15 04:00:56'),
	(255,2,139,'present','2020-03-15 04:01:49'),
	(256,2,726,'present','2020-03-15 04:19:23'),
	(257,2,12,'present','2020-03-15 04:27:57'),
	(258,2,131,'present','2020-03-15 04:28:11'),
	(259,2,152,'present','2020-03-15 04:28:54'),
	(260,2,119,'present','2020-03-15 04:29:34'),
	(261,2,447,'present','2020-03-15 04:30:01'),
	(262,2,493,'present','2020-03-15 04:30:09'),
	(263,2,501,'present','2020-03-15 04:30:18'),
	(264,2,493,'present','2020-03-15 04:30:59'),
	(265,2,580,'present','2020-03-15 04:31:50'),
	(266,2,332,'present','2020-03-15 04:32:34'),
	(267,2,309,'present','2020-03-15 04:32:47'),
	(268,2,201,'present','2020-03-15 04:33:09'),
	(269,2,184,'present','2020-03-15 04:33:17'),
	(270,2,203,'present','2020-03-15 04:33:29'),
	(271,2,458,'present','2020-03-15 04:33:47'),
	(272,2,192,'present','2020-03-15 04:34:05'),
	(273,2,42,'present','2020-03-15 04:34:30'),
	(274,2,122,'present','2020-03-15 04:35:19'),
	(275,2,125,'present','2020-03-15 04:35:32'),
	(276,2,442,'present','2020-03-15 04:35:48'),
	(277,2,135,'present','2020-03-15 04:36:01'),
	(278,2,150,'present','2020-03-15 04:36:34'),
	(279,2,126,'present','2020-03-15 06:32:59'),
	(280,2,134,'present','2020-03-15 06:33:28'),
	(281,2,134,'present','2020-03-15 06:33:56'),
	(282,2,103,'present','2020-03-15 06:35:28'),
	(283,2,112,'present','2020-03-15 06:35:50'),
	(284,2,150,'present','2020-03-15 06:37:07'),
	(285,2,727,'present','2020-03-15 07:12:29'),
	(286,2,391,'present','2020-03-15 07:12:53'),
	(287,3,672,'present','2020-03-18 06:12:46'),
	(288,3,726,'present','2020-03-18 06:31:02'),
	(289,3,726,'present','2020-03-18 06:31:20'),
	(290,3,726,'present','2020-03-18 06:31:29'),
	(291,3,726,'present','2020-03-18 06:42:00'),
	(292,3,726,'present','2020-03-18 06:45:39'),
	(293,3,726,'present','2020-03-18 06:47:34');

/*!40000 ALTER TABLE `presence` ENABLE KEYS */;
UNLOCK TABLES;


# Dump of table user
# ------------------------------------------------------------

DROP TABLE IF EXISTS `user`;

CREATE TABLE `user` (
  `id` int(10) NOT NULL AUTO_INCREMENT,
  `email` varchar(50) NOT NULL,
  `password` varchar(50) NOT NULL,
  PRIMARY KEY (`id`)
) ENGINE=InnoDB DEFAULT CHARSET=latin1;

LOCK TABLES `user` WRITE;
/*!40000 ALTER TABLE `user` DISABLE KEYS */;

INSERT INTO `user` (`id`, `email`, `password`)
VALUES
	(1,'bagus','123');

/*!40000 ALTER TABLE `user` ENABLE KEYS */;
UNLOCK TABLES;



/*!40111 SET SQL_NOTES=@OLD_SQL_NOTES */;
/*!40101 SET SQL_MODE=@OLD_SQL_MODE */;
/*!40014 SET FOREIGN_KEY_CHECKS=@OLD_FOREIGN_KEY_CHECKS */;
/*!40101 SET CHARACTER_SET_CLIENT=@OLD_CHARACTER_SET_CLIENT */;
/*!40101 SET CHARACTER_SET_RESULTS=@OLD_CHARACTER_SET_RESULTS */;
/*!40101 SET COLLATION_CONNECTION=@OLD_COLLATION_CONNECTION */;
