# ************************************************************
# Sequel Pro SQL dump
# Version 4541
#
# http://www.sequelpro.com/
# https://github.com/sequelpro/sequelpro
#
# Host: 127.0.0.1 (MySQL 5.5.5-10.4.11-MariaDB)
# Database: db_manager_jm
# Generation Time: 2020-05-15 13:22:42 +0000
# ************************************************************


/*!40101 SET @OLD_CHARACTER_SET_CLIENT=@@CHARACTER_SET_CLIENT */;
/*!40101 SET @OLD_CHARACTER_SET_RESULTS=@@CHARACTER_SET_RESULTS */;
/*!40101 SET @OLD_COLLATION_CONNECTION=@@COLLATION_CONNECTION */;
/*!40101 SET NAMES utf8 */;
/*!40014 SET @OLD_FOREIGN_KEY_CHECKS=@@FOREIGN_KEY_CHECKS, FOREIGN_KEY_CHECKS=0 */;
/*!40101 SET @OLD_SQL_MODE=@@SQL_MODE, SQL_MODE='NO_AUTO_VALUE_ON_ZERO' */;
/*!40111 SET @OLD_SQL_NOTES=@@SQL_NOTES, SQL_NOTES=0 */;


# Dump of table member
# ------------------------------------------------------------

DROP TABLE IF EXISTS `member`;

CREATE TABLE `member` (
  `id` int(10) NOT NULL AUTO_INCREMENT,
  `family_head_id` int(11) DEFAULT NULL,
  `name` varchar(50) NOT NULL,
  PRIMARY KEY (`id`)
) ENGINE=InnoDB DEFAULT CHARSET=latin1;

LOCK TABLES `member` WRITE;
/*!40000 ALTER TABLE `member` DISABLE KEYS */;

INSERT INTO `member` (`id`, `family_head_id`, `name`)
VALUES
	(1,0,'Agung Insan'),
	(2,1,'Tri Wulandari'),
	(3,0,'Zaki Annashrulloh'),
	(4,0,'Kaffa Annasuha'),
	(5,0,'Sahla Kamilah'),
	(6,0,'Agus Supriyanto'),
	(7,6,'Rahayu Nurul hidayati'),
	(8,6,'Andika Fatir Permana'),
	(9,6,'Wildan Brillian Alfafa'),
	(10,0,'Alfian safa\'at'),
	(11,10,'rosalia \'aini La\'bah'),
	(12,10,'Berliana Putri Safa\'at'),
	(13,0,'Andri Iman Santoso'),
	(14,13,'Rafika Kurniasih'),
	(15,0,'Andri Kusmana'),
	(16,15,'Ibu arofah'),
	(17,15,'frisilia'),
	(18,15,'firza'),
	(19,0,'Anjar Ajegrulloh'),
	(20,19,'Ega kajarsari'),
	(21,19,'Arzian zidni abdillah'),
	(22,19,'Arsyela'),
	(23,0,'Arif kurniawan'),
	(24,23,'nunik S rahayu'),
	(25,23,'nadia khoirunnisa'),
	(26,0,'Aris joko susilo'),
	(27,26,'Yunita'),
	(28,0,'Asep Agun Gunawan'),
	(29,28,'Erna mulyati'),
	(30,28,'Kahfi sahrul'),
	(31,28,'M. gufron'),
	(32,28,'Sena Hazrim M'),
	(33,28,'Rifat abdul gani'),
	(34,28,'Farrel zuhair'),
	(35,0,'Asep Gunarsa'),
	(36,35,'Herawati'),
	(37,35,'dini anindya'),
	(38,0,'Aziz Riawan'),
	(39,38,'Sri Farida'),
	(40,0,'Dedi kustianto'),
	(41,40,'Putri rahayu'),
	(42,40,'Adil Habib Zaidan'),
	(43,40,'Seikha Izyani miza'),
	(44,40,'Naira Hafidza Qiana'),
	(45,0,'Endang rismayana'),
	(46,45,'Yaneti'),
	(47,45,'Daryn naufal'),
	(48,45,'Nabila'),
	(49,45,'Kayla'),
	(50,0,'Fien Firdaus Maulana'),
	(51,50,'Lestari Romadhona'),
	(52,50,'Gabriela Lesvin Maulana'),
	(53,50,'Mikhail Vintar M'),
	(54,50,'Azrael Vintar'),
	(55,50,'Hasan Malik M'),
	(56,50,'Husen Ridwan M'),
	(57,0,'H. Ali Sustami'),
	(58,57,'Hj. Widyawati'),
	(59,57,'rayhana'),
	(60,0,'IR. H. Arifin Derajat Surya'),
	(61,60,'Mila Aviany'),
	(62,0,'H. Edy sadrach'),
	(63,62,'Lailatul fitriah'),
	(64,62,'Firdy'),
	(65,62,'Evan'),
	(66,62,'Keisya'),
	(67,62,'Nazril'),
	(68,0,'H. Wijayanto'),
	(69,68,'Hj. RR St Adiningrum Pulih Siwi MH'),
	(70,68,'Bagus Seno P'),
	(71,68,'Alya Widyastuti'),
	(72,0,'Hadi Ridwan'),
	(73,72,'Syahrina Zulfa'),
	(74,72,'Dzikra Ramadina Utami'),
	(75,0,'Hari handoko'),
	(76,75,'Khoirima Darojatun'),
	(77,75,'Daniel Syauqi'),
	(78,75,'Arsaka Tsaqif Handoko'),
	(79,0,'Husnan Sabilarrosadi'),
	(80,79,'Miftahul Janah'),
	(81,0,'Irfan Saputra'),
	(82,81,'Salafiyah'),
	(83,81,'Royali deenara Islami'),
	(84,0,'Iskandar Lukman'),
	(85,84,'Diah ayu kusumaningrum'),
	(86,84,'Elfreda sheza Iskandar'),
	(87,84,'NAMA'),
	(88,0,''),
	(89,0,'Joko susilo'),
	(90,89,'Siti Nurkoyimah'),
	(91,89,'Muhammad Kenzi Abqori'),
	(92,89,'Ransi Ahza Zaen Kayana'),
	(93,89,'Lady Aretha quinza Kayana'),
	(94,0,'Jukhaeri Nursyamsi'),
	(95,94,'Risna'),
	(96,94,'Izrul Zulfadli Firdaus'),
	(97,0,'M. Irwan nurhasim'),
	(98,97,'Faridah'),
	(99,97,'Alifya wanda'),
	(100,97,'Brilianty'),
	(101,97,'m. kaysan'),
	(102,97,''),
	(103,0,'Muhamad Toyib '),
	(104,103,'Jumatun'),
	(105,103,'Muhamad Alfred Travis'),
	(106,103,'M. Arvin Joana Travis'),
	(107,103,'M. Ansel Zoravis'),
	(108,0,'Mukhlis Prasetyo'),
	(109,108,'Ghina Rosalina'),
	(110,108,'Muhammad Ilmi Nur Iman'),
	(111,108,'Abyan'),
	(112,0,'Mulyono'),
	(113,112,'Istiqomah'),
	(114,112,'M. fardan Rizky Abdilah'),
	(115,112,'M. farhan Assidiqi'),
	(116,112,'assyifa Nayla Fadila'),
	(117,112,'Aulia Zulfati Jannah'),
	(118,0,'Mustakim'),
	(119,118,'Eli Nurrokhmah'),
	(120,118,'Ibrahim Nur Fadhil'),
	(121,118,'Mutiara Jihan'),
	(122,118,'Anggun'),
	(123,0,'Nurhamid'),
	(124,123,'lika'),
	(125,123,'Aira'),
	(126,0,'Ramdani'),
	(127,126,'Khusaifah Tina F'),
	(128,126,'Az zahra Fikri Yatunnisa'),
	(129,126,'Alfiyah Hasna Kamila'),
	(130,126,'Dhiya Arka Pradana'),
	(131,0,'Risam'),
	(132,131,'mursiam'),
	(133,131,'Rini Arissetia N'),
	(134,0,'Rohidin Kidi'),
	(135,134,'Darsiah'),
	(136,134,'Adam Pratama'),
	(137,134,'Marwa'),
	(138,0,'Romi Abd Z'),
	(139,138,'Linda Tri Noviyanti'),
	(140,138,'Alfathia A S'),
	(141,138,'M Arda A S'),
	(142,0,'Salman zakaria'),
	(143,142,'Wahyu prasetyawati'),
	(144,142,'Dimas KL'),
	(145,142,'Feminina A'),
	(146,0,'Satrio Hasan Nurdin'),
	(147,146,'annisa muslimah'),
	(148,146,'khansa adzkania'),
	(149,146,'rafan saleha'),
	(150,146,'Fawas Syafiq Hasan'),
	(151,146,'Hanin Shaumi Hafshah'),
	(152,0,'Sukanto'),
	(153,152,'Tatik Paryanti'),
	(154,152,'Muhammad Abid Assadulloh'),
	(155,0,'Sukirno'),
	(156,155,'Nurhayati'),
	(157,155,'Nan Naysa Latifatul Maryam'),
	(158,0,''),
	(159,0,'Taufik Nur Hidayat'),
	(160,159,'Citra Cahyani'),
	(161,159,'Adeeva Fahma Fayyola'),
	(162,0,'TB Indra jaya'),
	(163,162,'Satiyah'),
	(164,0,'Tejo nugroho'),
	(165,164,'Laily Ramadani'),
	(166,164,'Keenan fathurahman'),
	(167,164,'Khareena N M'),
	(168,0,'Thosin Novandrian'),
	(169,168,'Adistya gela yolanda'),
	(170,168,'Qisya Yukio Annayyara'),
	(171,0,'Tomi sahlan Santoso'),
	(172,171,'Istiqomah'),
	(173,171,'Fatan Azka Nurfaiz'),
	(174,171,'Thifla Aqila Rumi'),
	(175,171,'Mafaza'),
	(176,0,'Warimin'),
	(177,176,'Tati Herawati'),
	(178,176,'Subhan Irwan Pratama'),
	(179,176,'Alya Azzahra Khoirunnisa'),
	(180,176,'Ranu Malik alfianur Khoir'),
	(181,176,'Adiba Shakila Silmi'),
	(182,0,'Winardi'),
	(183,0,'Yardi'),
	(184,183,'rohana'),
	(185,183,'affan maulana'),
	(186,183,'adnan'),
	(187,183,'arham'),
	(188,183,'Arroyan'),
	(189,183,''),
	(190,0,'Yopi Firdaus Muntaha'),
	(191,190,'Dina Permata Putri'),
	(192,190,'Allea Sakura Rachel Firdaus'),
	(193,0,'Ahmad Akbar'),
	(194,193,'Elvia Anggriani'),
	(195,0,'Ibnu Nur S'),
	(196,195,'Windi'),
	(197,0,'M. Nur Syaifudin'),
	(198,197,'Lilis Fitriani'),
	(199,0,'Yoku Rikona Tito Ismail Majid'),
	(200,199,'Dylla Cendana Ayu'),
	(201,199,'Ayola Hilya Khansa Majid'),
	(202,0,'Aji Hunaefi'),
	(203,202,''),
	(204,0,'Ade haryanto'),
	(205,204,'Huda Firdaus'),
	(206,204,'Hanifah R. N.'),
	(207,204,'Hana N Agnia'),
	(208,204,'Hilwa Rizkita'),
	(209,204,'Hilyan Muhamad'),
	(210,204,'Hilmi Muhamad Yusron'),
	(211,204,'Hilal Faturrozak'),
	(212,0,'Jundab'),
	(213,0,'Ukar'),
	(214,0,'Harjono'),
	(215,0,'Hardianto'),
	(216,0,'Rifki Ihsan N A'),
	(217,0,'Arif Setia Budi'),
	(218,0,'Heru Setyawan'),
	(219,218,'Wastiti'),
	(220,0,'Teguh Mukti Ali'),
	(221,220,'Utri Mawati Mukti'),
	(222,220,'Maulia Mawati Putri Mukti'),
	(223,220,'Maulana Malik Putra Mukti'),
	(224,220,'Mirza Ramadhan Putra Mukti'),
	(225,220,'Mayasarah Ayunindia Putri Mkti'),
	(226,0,'Achmad Rizki F'),
	(227,0,'Aji Wawan Hidayat'),
	(228,0,'Akhmad Rivai F'),
	(229,0,'Amir Siafudin'),
	(230,0,'Ananto Hanafi'),
	(231,0,'Ardyatama F Sadrach'),
	(232,0,'Billal Nur imantu'),
	(233,0,'Edy Wasono'),
	(234,0,'Fakih Ilham R'),
	(235,0,'Fakih Maulana Abidin'),
	(236,0,'Fahmi aji'),
	(237,0,'Frendi'),
	(238,0,'Hajjun Wicaksono'),
	(239,0,'Hamzah Arif'),
	(240,0,'Haris Diva'),
	(241,0,'Iqbal Maulana F'),
	(242,0,'Ivan Kholif'),
	(243,0,'Khoirul Kurniawan'),
	(244,0,'M Nurdin'),
	(245,0,'M Ridwan Fauzi'),
	(246,0,'M. Latif Abdillah'),
	(247,0,'Moch. Ariful Mu\'minin'),
	(248,0,'Muchlis Febrianto'),
	(249,0,'Muhammad Fauzi'),
	(250,0,'Muhammad Sulton A'),
	(251,0,'Nasekhfudin Widiyanto'),
	(252,0,'Nugroho Nur Adi S'),
	(253,0,'Nur Aziz'),
	(254,0,'Rafli A Sadrach'),
	(255,0,'Rehan Miftahul A'),
	(256,0,'Revi Zihad Apriadi'),
	(257,0,'Ridwan Dwi Prasetyo'),
	(258,0,'Roziqullah P'),
	(259,0,'Ryan Hendi N'),
	(260,0,'Sandi Abdulloh'),
	(261,0,'Yunus Tri A'),
	(262,0,'Diky Rohmanu'),
	(263,0,'David'),
	(264,0,'Aji Hunaifi'),
	(265,0,'M. Sulthon Khoirudin'),
	(266,0,'Giandi Ruston H'),
	(267,0,'Sodiq'),
	(268,0,'Aini Unz'),
	(269,0,'Awalia Imaningtias'),
	(270,0,'Fadilla  Septiana'),
	(271,0,'Riana Dewi Wahyuni'),
	(272,0,''),
	(273,0,'Deva Devilia Pratama'),
	(274,0,'Aunia Yuliafaza'),
	(275,0,'Retno Ayu'),
	(277,0,'Julistiyowati'),
	(288,0,'test'),
	(289,0,'test'),
	(290,0,'test'),
	(291,0,'test'),
	(292,0,'test'),
	(295,0,'Alfi Faqih Adina');

/*!40000 ALTER TABLE `member` ENABLE KEYS */;
UNLOCK TABLES;


# Dump of table member_meta_index
# ------------------------------------------------------------

DROP TABLE IF EXISTS `member_meta_index`;

CREATE TABLE `member_meta_index` (
  `id` int(10) NOT NULL AUTO_INCREMENT,
  `name` varchar(50) NOT NULL,
  `type` varchar(10) DEFAULT NULL,
  `order` int(2) DEFAULT NULL,
  PRIMARY KEY (`id`)
) ENGINE=InnoDB DEFAULT CHARSET=latin1;

LOCK TABLES `member_meta_index` WRITE;
/*!40000 ALTER TABLE `member_meta_index` DISABLE KEYS */;

INSERT INTO `member_meta_index` (`id`, `name`, `type`, `order`)
VALUES
	(1,'TEMPAT LAHIR','text',5),
	(2,'TANGGAL LAHIR','date',6),
	(3,'PENDIDIKAN','select',3),
	(4,'ALAMAT TINGGAL SEKARANG','text',4),
	(5,'NOTELP','number',7),
	(6,'PEKERJAAN','text',8),
	(7,'IR','select',9),
	(8,'KETERANGAN','text',10),
	(9,'L/P','select',1),
	(10,'STATUS KELUARGA','text',2);

/*!40000 ALTER TABLE `member_meta_index` ENABLE KEYS */;
UNLOCK TABLES;


# Dump of table member_meta_option
# ------------------------------------------------------------

DROP TABLE IF EXISTS `member_meta_option`;

CREATE TABLE `member_meta_option` (
  `id` int(11) unsigned NOT NULL AUTO_INCREMENT,
  `member_meta_index_id` int(11) DEFAULT NULL,
  `parent_id` int(11) DEFAULT NULL,
  `value` varchar(50) DEFAULT NULL,
  PRIMARY KEY (`id`)
) ENGINE=InnoDB DEFAULT CHARSET=latin1;

LOCK TABLES `member_meta_option` WRITE;
/*!40000 ALTER TABLE `member_meta_option` DISABLE KEYS */;

INSERT INTO `member_meta_option` (`id`, `member_meta_index_id`, `parent_id`, `value`)
VALUES
	(1,3,NULL,'SD'),
	(2,3,NULL,'SMP'),
	(3,3,NULL,'SMA'),
	(4,3,NULL,'SMK'),
	(5,3,NULL,'D1'),
	(6,3,NULL,'D2'),
	(7,3,NULL,'D3'),
	(8,3,NULL,'D4'),
	(9,3,NULL,'S1'),
	(10,3,NULL,'S2'),
	(11,3,NULL,'S3'),
	(12,7,NULL,'ADA'),
	(13,7,NULL,'TIDAK ADA'),
	(14,9,NULL,'L'),
	(15,9,NULL,'P');

/*!40000 ALTER TABLE `member_meta_option` ENABLE KEYS */;
UNLOCK TABLES;


# Dump of table member_meta_value
# ------------------------------------------------------------

DROP TABLE IF EXISTS `member_meta_value`;

CREATE TABLE `member_meta_value` (
  `id` int(10) NOT NULL AUTO_INCREMENT,
  `member_id` int(10) NOT NULL,
  `member_meta_index_id` int(10) NOT NULL,
  `value` varchar(250) NOT NULL,
  PRIMARY KEY (`id`)
) ENGINE=InnoDB DEFAULT CHARSET=latin1;

LOCK TABLES `member_meta_value` WRITE;
/*!40000 ALTER TABLE `member_meta_value` DISABLE KEYS */;

INSERT INTO `member_meta_value` (`id`, `member_id`, `member_meta_index_id`, `value`)
VALUES
	(1,1,9,'L'),
	(2,1,10,'kk'),
	(3,1,3,'SMK'),
	(4,1,4,'Kp. Cibuntu 001/008  CIBUNTU CIBITUNG BEKASI'),
	(5,1,1,'Subang'),
	(6,1,2,'39'),
	(7,1,5,'3/2/1981'),
	(8,1,6,''),
	(9,1,7,''),
	(10,1,8,''),
	(11,2,9,'P'),
	(12,2,10,''),
	(13,2,3,''),
	(14,2,4,'Kp. Cibuntu 001/008  CIBUNTU CIBITUNG BEKASI'),
	(15,2,1,'Bogor'),
	(16,2,2,'34'),
	(17,2,5,'7/7/1986'),
	(18,2,6,''),
	(19,2,7,''),
	(20,2,8,''),
	(21,3,9,'L'),
	(22,3,10,'anak'),
	(23,3,3,''),
	(24,3,4,'Kp. Cibuntu 001/008  CIBUNTU CIBITUNG BEKASI'),
	(25,3,1,'Jakarta'),
	(26,3,2,'12'),
	(27,3,5,'2/6/2008'),
	(28,3,6,''),
	(29,3,7,''),
	(30,3,8,''),
	(31,4,9,'L'),
	(32,4,10,'anak'),
	(33,4,3,''),
	(34,4,4,'Kp. Cibuntu 001/008  CIBUNTU CIBITUNG BEKASI'),
	(35,4,1,'Jakarta'),
	(36,4,2,'9'),
	(37,4,5,'28/3/2011'),
	(38,4,6,''),
	(39,4,7,''),
	(40,4,8,''),
	(41,5,9,'P'),
	(42,5,10,'anak'),
	(43,5,3,''),
	(44,5,4,'Kp. Cibuntu 001/008  CIBUNTU CIBITUNG BEKASI'),
	(45,5,1,'bekasi'),
	(46,5,2,'1'),
	(47,5,5,'27/2/2019'),
	(48,5,6,''),
	(49,5,7,''),
	(50,5,8,''),
	(51,6,9,'L'),
	(52,6,10,'kk'),
	(53,6,3,'Sarjana , S1'),
	(54,6,4,'Komplek'),
	(55,6,1,'Cilacap'),
	(56,6,2,'47'),
	(57,6,5,'19/8/1973'),
	(58,6,6,'0852 1077 6272'),
	(59,6,7,'Karyawan Swasta'),
	(60,6,8,'Ada'),
	(61,7,9,'P'),
	(62,7,10,'istri'),
	(63,7,3,'SMK , Mubalighot'),
	(64,7,4,'Komplek'),
	(65,7,1,'Klaten'),
	(66,7,2,'44'),
	(67,7,5,'15/10/1976'),
	(68,7,6,'0852 4495 9074'),
	(69,7,7,'IRT'),
	(70,7,8,''),
	(71,8,9,'L'),
	(72,8,10,'anak'),
	(73,8,3,'sekolah SD'),
	(74,8,4,'Komplek'),
	(75,8,1,'Cilacap'),
	(76,8,2,'14'),
	(77,8,5,'8/2/2006'),
	(78,8,6,''),
	(79,8,7,''),
	(80,8,8,''),
	(81,9,9,'L'),
	(82,9,10,'anak'),
	(83,9,3,'sekolah SD'),
	(84,9,4,'Komplek'),
	(85,9,1,'Cilacap'),
	(86,9,2,'12'),
	(87,9,5,'12/2/2008'),
	(88,9,6,''),
	(89,9,7,''),
	(90,9,8,''),
	(91,10,9,'L'),
	(92,10,10,'kk'),
	(93,10,3,'S1'),
	(94,10,4,'Metland Tambun'),
	(95,10,1,'Samarinda'),
	(96,10,2,'33'),
	(97,10,5,'21/6/1987'),
	(98,10,6,'0852 2978 4549'),
	(99,10,7,'Pegawai Swasta'),
	(100,10,8,''),
	(101,11,9,'P'),
	(102,11,10,'istri'),
	(103,11,3,'S1'),
	(104,11,4,'Metland Tambun'),
	(105,11,1,'Sukoharjo'),
	(106,11,2,'27'),
	(107,11,5,'22/11/1993'),
	(108,11,6,'0812 3442 8494'),
	(109,11,7,''),
	(110,11,8,''),
	(111,12,9,''),
	(112,12,10,'anak'),
	(113,12,3,''),
	(114,12,4,'Metland Tambun'),
	(115,12,1,'Surakarta'),
	(116,12,2,'4'),
	(117,12,5,'16/9/2016'),
	(118,12,6,''),
	(119,12,7,''),
	(120,12,8,''),
	(121,13,9,'L'),
	(122,13,10,'KK'),
	(123,13,3,'SMK'),
	(124,13,4,''),
	(125,13,1,'Batang'),
	(126,13,2,'33'),
	(127,13,5,'12/10/1987'),
	(128,13,6,''),
	(129,13,7,''),
	(130,13,8,''),
	(131,14,9,'P'),
	(132,14,10,'istri'),
	(133,14,3,'S1'),
	(134,14,4,''),
	(135,14,1,''),
	(136,14,2,'2020'),
	(137,14,5,'//'),
	(138,14,6,''),
	(139,14,7,''),
	(140,14,8,''),
	(141,15,9,'L'),
	(142,15,10,'kk'),
	(143,15,3,'S2'),
	(144,15,4,'Metland Tambun                Cluster Limonia                         Blok L1 No.31B                         Cibuntu , Cibitung'),
	(145,15,1,'Riau'),
	(146,15,2,'43'),
	(147,15,5,'8/4/1977'),
	(148,15,6,'0811 1920 554'),
	(149,15,7,'Pegawai Swasta'),
	(150,15,8,''),
	(151,16,9,'P'),
	(152,16,10,'Istri'),
	(153,16,3,''),
	(154,16,4,'Metland Tambun                Cluster Limonia                         Blok L1 No.31B                         Cibuntu , Cibitung'),
	(155,16,1,'Brebes'),
	(156,16,2,'38'),
	(157,16,5,'31/10/1982'),
	(158,16,6,''),
	(159,16,7,''),
	(160,16,8,''),
	(161,17,9,'P'),
	(162,17,10,'anak'),
	(163,17,3,''),
	(164,17,4,'Metland Tambun                Cluster Limonia                         Blok L1 No.31B                         Cibuntu , Cibitung'),
	(165,17,1,'Bekasi'),
	(166,17,2,'7'),
	(167,17,5,'9/4/2013'),
	(168,17,6,''),
	(169,17,7,''),
	(170,17,8,''),
	(171,18,9,'P'),
	(172,18,10,'anak'),
	(173,18,3,''),
	(174,18,4,'Metland Tambun                Cluster Limonia                         Blok L1 No.31B                         Cibuntu , Cibitung'),
	(175,18,1,'Bekasi'),
	(176,18,2,'5'),
	(177,18,5,'8/5/2015'),
	(178,18,6,''),
	(179,18,7,''),
	(180,18,8,''),
	(181,19,9,'L'),
	(182,19,10,'kk'),
	(183,19,3,'SMA'),
	(184,19,4,'Komplek'),
	(185,19,1,'Sleman'),
	(186,19,2,'34'),
	(187,19,5,'1/4/1986'),
	(188,19,6,'0857 8272 7559'),
	(189,19,7,'Pegawai Swasta'),
	(190,19,8,''),
	(191,20,9,'P'),
	(192,20,10,'istri'),
	(193,20,3,'SMA'),
	(194,20,4,'Komplek'),
	(195,20,1,'Pemalang'),
	(196,20,2,'30'),
	(197,20,5,'11/2/1990'),
	(198,20,6,''),
	(199,20,7,'IRT'),
	(200,20,8,''),
	(201,21,9,'L'),
	(202,21,10,'anak'),
	(203,21,3,''),
	(204,21,4,'Komplek'),
	(205,21,1,'Bekasi'),
	(206,21,2,'7'),
	(207,21,5,'20/2/2013'),
	(208,21,6,''),
	(209,21,7,''),
	(210,21,8,''),
	(211,22,9,'P'),
	(212,22,10,'anak'),
	(213,22,3,''),
	(214,22,4,'Komplek'),
	(215,22,1,'Bekasi'),
	(216,22,2,'6'),
	(217,22,5,'22/12/2014'),
	(218,22,6,''),
	(219,22,7,''),
	(220,22,8,''),
	(221,23,9,'L'),
	(222,23,10,'kk'),
	(223,23,3,''),
	(224,23,4,'Metland Tambun'),
	(225,23,1,'Jambi'),
	(226,23,2,'46'),
	(227,23,5,'8/4/1974'),
	(228,23,6,''),
	(229,23,7,''),
	(230,23,8,''),
	(231,24,9,'P'),
	(232,24,10,'istri'),
	(233,24,3,''),
	(234,24,4,'Metland Tambun'),
	(235,24,1,'Jogja'),
	(236,24,2,'42'),
	(237,24,5,'22/4/1978'),
	(238,24,6,''),
	(239,24,7,''),
	(240,24,8,''),
	(241,25,9,'P'),
	(242,25,10,'anak'),
	(243,25,3,''),
	(244,25,4,'Metland Tambun'),
	(245,25,1,'Batam'),
	(246,25,2,'13'),
	(247,25,5,'17/10/2007'),
	(248,25,6,''),
	(249,25,7,''),
	(250,25,8,''),
	(251,26,9,'L'),
	(252,26,10,'kk'),
	(253,26,3,'SMA'),
	(254,26,4,'Gg. Batako'),
	(255,26,1,'Klaten'),
	(256,26,2,'30'),
	(257,26,5,'28/6/1990'),
	(258,26,6,'85725308383'),
	(259,26,7,'Pegawai Swasta'),
	(260,26,8,'Ada'),
	(261,27,9,'P'),
	(262,27,10,'istri'),
	(263,27,3,'SMA'),
	(264,27,4,'Gg. Batako'),
	(265,27,1,'Sragen'),
	(266,27,2,'30'),
	(267,27,5,'25/1/1990'),
	(268,27,6,'85293631354'),
	(269,27,7,'Pegawai Swasta'),
	(270,27,8,''),
	(271,28,9,'L'),
	(272,28,10,'kk'),
	(273,28,3,''),
	(274,28,4,'Komplek'),
	(275,28,1,''),
	(276,28,2,'46'),
	(277,28,5,'6/1/1974'),
	(278,28,6,'0818 0625 0688'),
	(279,28,7,'Pegawai Swasta'),
	(280,28,8,''),
	(281,29,9,'P'),
	(282,29,10,'istri'),
	(283,29,3,''),
	(284,29,4,'Komplek'),
	(285,29,1,''),
	(286,29,2,'50'),
	(287,29,5,'30/10/1970'),
	(288,29,6,''),
	(289,29,7,''),
	(290,29,8,''),
	(291,30,9,'L'),
	(292,30,10,'Lajang'),
	(293,30,3,''),
	(294,30,4,'Komplek'),
	(295,30,1,''),
	(296,30,2,'22'),
	(297,30,5,'14/1/1998'),
	(298,30,6,''),
	(299,30,7,''),
	(300,30,8,''),
	(301,31,9,'L'),
	(302,31,10,'anak'),
	(303,31,3,''),
	(304,31,4,'Komplek'),
	(305,31,1,''),
	(306,31,2,'19'),
	(307,31,5,'5/4/2001'),
	(308,31,6,''),
	(309,31,7,''),
	(310,31,8,''),
	(311,32,9,'L'),
	(312,32,10,'anak'),
	(313,32,3,'MAHASISWA'),
	(314,32,4,'Komplek'),
	(315,32,1,'bekasi'),
	(316,32,2,'17'),
	(317,32,5,'5/4/2003'),
	(318,32,6,'87855371610'),
	(319,32,7,'Kuliah'),
	(320,32,8,''),
	(321,33,9,'L'),
	(322,33,10,'anak'),
	(323,33,3,''),
	(324,33,4,'Komplek'),
	(325,33,1,''),
	(326,33,2,'15'),
	(327,33,5,'12/10/2005'),
	(328,33,6,''),
	(329,33,7,''),
	(330,33,8,''),
	(331,34,9,'L'),
	(332,34,10,'anak'),
	(333,34,3,''),
	(334,34,4,'Komplek'),
	(335,34,1,''),
	(336,34,2,'13'),
	(337,34,5,'9/2/2007'),
	(338,34,6,''),
	(339,34,7,''),
	(340,34,8,''),
	(341,35,9,'L'),
	(342,35,10,'KK'),
	(343,35,3,'D3'),
	(344,35,4,'Metland Tambun '),
	(345,35,1,'Kuningan'),
	(346,35,2,'44'),
	(347,35,5,'28/2/1976'),
	(348,35,6,'0821 1258 2971 0838 0422 1482'),
	(349,35,7,'Pegawai Swasta PT. Pulomas Jaya'),
	(350,35,8,''),
	(351,36,9,'P'),
	(352,36,10,'istri'),
	(353,36,3,'D1'),
	(354,36,4,'Metland Tambun '),
	(355,36,1,'Kuningan'),
	(356,36,2,'40'),
	(357,36,5,'28/2/1980'),
	(358,36,6,'0821 2703 1355'),
	(359,36,7,'IRT'),
	(360,36,8,''),
	(361,37,9,'P'),
	(362,37,10,'anak'),
	(363,37,3,'Sekolah'),
	(364,37,4,'Metland Tambun '),
	(365,37,1,'Kuningan'),
	(366,37,2,'9'),
	(367,37,5,'23/2/2011'),
	(368,37,6,''),
	(369,37,7,''),
	(370,37,8,''),
	(371,38,9,'L'),
	(372,38,10,'KK'),
	(373,38,3,'SMK'),
	(374,38,4,''),
	(375,38,1,'Sragen'),
	(376,38,2,'32'),
	(377,38,5,'8/2/1988'),
	(378,38,6,''),
	(379,38,7,''),
	(380,38,8,''),
	(381,39,9,'P'),
	(382,39,10,'istri'),
	(383,39,3,'S1'),
	(384,39,4,''),
	(385,39,1,'Depok'),
	(386,39,2,'35'),
	(387,39,5,'25/11/1985'),
	(388,39,6,''),
	(389,39,7,''),
	(390,39,8,''),
	(391,40,9,'L'),
	(392,40,10,'kk'),
	(393,40,3,'SMK '),
	(394,40,4,'Komplek'),
	(395,40,1,'Grobogan '),
	(396,40,2,'36'),
	(397,40,5,'1/11/1984'),
	(398,40,6,'0878 0429 5296'),
	(399,40,7,'Pegawai Swasta'),
	(400,40,8,'Ada'),
	(401,41,9,'P'),
	(402,41,10,'istri'),
	(403,41,3,'SMK'),
	(404,41,4,'Komplek'),
	(405,41,1,'Bima'),
	(406,41,2,'38'),
	(407,41,5,'16/6/1982'),
	(408,41,6,'0813 1532 2504'),
	(409,41,7,'IRT'),
	(410,41,8,''),
	(411,42,9,'L'),
	(412,42,10,'anak'),
	(413,42,3,''),
	(414,42,4,'Komplek'),
	(415,42,1,'Jakarta'),
	(416,42,2,'13'),
	(417,42,5,'20/2/2007'),
	(418,42,6,''),
	(419,42,7,'Pelajar'),
	(420,42,8,''),
	(421,43,9,'P'),
	(422,43,10,'anak'),
	(423,43,3,''),
	(424,43,4,'Komplek'),
	(425,43,1,'Bekasi'),
	(426,43,2,'9'),
	(427,43,5,'5/4/2011'),
	(428,43,6,''),
	(429,43,7,'Pelajar'),
	(430,43,8,''),
	(431,44,9,'P'),
	(432,44,10,'Anak'),
	(433,44,3,''),
	(434,44,4,'Komplek'),
	(435,44,1,'Bekasi'),
	(436,44,2,'3'),
	(437,44,5,'14/6/2017'),
	(438,44,6,''),
	(439,44,7,''),
	(440,44,8,''),
	(441,45,9,'L'),
	(442,45,10,'kk'),
	(443,45,3,'S1'),
	(444,45,4,'Metland Tambun'),
	(445,45,1,'Kuningan'),
	(446,45,2,'48'),
	(447,45,5,'28/2/1972'),
	(448,45,6,'0811 9330 076'),
	(449,45,7,'Pegawai Swasta'),
	(450,45,8,'Ada'),
	(451,46,9,'P'),
	(452,46,10,'istri'),
	(453,46,3,'SMK'),
	(454,46,4,'Metland Tambun'),
	(455,46,1,'Jakarta'),
	(456,46,2,'39'),
	(457,46,5,'23/1/1981'),
	(458,46,6,'0812 8822 3858'),
	(459,46,7,'IRT'),
	(460,46,8,''),
	(461,47,9,'L'),
	(462,47,10,'anak'),
	(463,47,3,''),
	(464,47,4,'Metland Tambun'),
	(465,47,1,'Bekasi'),
	(466,47,2,'18'),
	(467,47,5,'31/3/2002'),
	(468,47,6,''),
	(469,47,7,''),
	(470,47,8,''),
	(471,48,9,'P'),
	(472,48,10,'anak'),
	(473,48,3,''),
	(474,48,4,'Metland Tambun'),
	(475,48,1,'Bekasi'),
	(476,48,2,'16'),
	(477,48,5,'25/9/2004'),
	(478,48,6,'0812 4148  3421'),
	(479,48,7,''),
	(480,48,8,''),
	(481,49,9,'P'),
	(482,49,10,'anak'),
	(483,49,3,''),
	(484,49,4,'Metland Tambun'),
	(485,49,1,'Bekasi'),
	(486,49,2,'10'),
	(487,49,5,'12/4/2010'),
	(488,49,6,''),
	(489,49,7,''),
	(490,49,8,''),
	(491,50,9,'L'),
	(492,50,10,'kk'),
	(493,50,3,'SMK'),
	(494,50,4,'Komplek'),
	(495,50,1,'Jakarta'),
	(496,50,2,'38'),
	(497,50,5,'10/3/1982'),
	(498,50,6,'0812 8826 6696'),
	(499,50,7,'Karyawan Swata'),
	(500,50,8,'Ada'),
	(501,51,9,'P'),
	(502,51,10,'istri'),
	(503,51,3,'SMK'),
	(504,51,4,'Komplek'),
	(505,51,1,'Sungai Liat'),
	(506,51,2,'41'),
	(507,51,5,'14/8/1979'),
	(508,51,6,'0812 1022 9214'),
	(509,51,7,'Karyawan Swasta'),
	(510,51,8,''),
	(511,52,9,'P'),
	(512,52,10,'anak'),
	(513,52,3,''),
	(514,52,4,'Komplek'),
	(515,52,1,'Bekasi'),
	(516,52,2,'11'),
	(517,52,5,'5/6/2009'),
	(518,52,6,''),
	(519,52,7,''),
	(520,52,8,''),
	(521,53,9,'L'),
	(522,53,10,'anak'),
	(523,53,3,''),
	(524,53,4,'Komplek'),
	(525,53,1,'Bekasi'),
	(526,53,2,'10'),
	(527,53,5,'3/9/2010'),
	(528,53,6,''),
	(529,53,7,''),
	(530,53,8,''),
	(531,54,9,'L'),
	(532,54,10,'anak'),
	(533,54,3,''),
	(534,54,4,'Komplek'),
	(535,54,1,'Bekasi'),
	(536,54,2,'7'),
	(537,54,5,'/12/2013'),
	(538,54,6,''),
	(539,54,7,''),
	(540,54,8,''),
	(541,55,9,'L'),
	(542,55,10,'anak'),
	(543,55,3,''),
	(544,55,4,'Komplek'),
	(545,55,1,'Bekasi'),
	(546,55,2,'4'),
	(547,55,5,'16/12/2016'),
	(548,55,6,''),
	(549,55,7,''),
	(550,55,8,''),
	(551,56,9,'L'),
	(552,56,10,'anak'),
	(553,56,3,''),
	(554,56,4,'Komplek'),
	(555,56,1,'Bekasi'),
	(556,56,2,'4'),
	(557,56,5,'16/12/2016'),
	(558,56,6,''),
	(559,56,7,''),
	(560,56,8,''),
	(561,57,9,'L'),
	(562,57,10,'KK'),
	(563,57,3,'SMA'),
	(564,57,4,'Komplek'),
	(565,57,1,'Jakarta'),
	(566,57,2,'44'),
	(567,57,5,'11/7/1976'),
	(568,57,6,'0811 170 059 0813 1720 0054'),
	(569,57,7,'WiraSwasta'),
	(570,57,8,''),
	(571,58,9,'P'),
	(572,58,10,'istri'),
	(573,58,3,''),
	(574,58,4,'Komplek'),
	(575,58,1,''),
	(576,58,2,'39'),
	(577,58,5,'22/12/1981'),
	(578,58,6,'0813 1139 9600'),
	(579,58,7,''),
	(580,58,8,''),
	(581,59,9,'P'),
	(582,59,10,'anak'),
	(583,59,3,''),
	(584,59,4,'Komplek'),
	(585,59,1,''),
	(586,59,2,'9'),
	(587,59,5,'23/7/2011'),
	(588,59,6,''),
	(589,59,7,''),
	(590,59,8,''),
	(591,60,9,'L'),
	(592,60,10,'KK'),
	(593,60,3,'S2'),
	(594,60,4,'Komplek'),
	(595,60,1,'Jakarta'),
	(596,60,2,'53'),
	(597,60,5,'2/6/1967'),
	(598,60,6,'0815 1414 3035'),
	(599,60,7,'Karyawan BUMN'),
	(600,60,8,''),
	(601,61,9,'P'),
	(602,61,10,'istri'),
	(603,61,3,'S2'),
	(604,61,4,'Komplek'),
	(605,61,1,'Jambi'),
	(606,61,2,'52'),
	(607,61,5,'12/5/1968'),
	(608,61,6,''),
	(609,61,7,''),
	(610,61,8,''),
	(611,62,9,'L'),
	(612,62,10,'kk'),
	(613,62,3,''),
	(614,62,4,'Metland Tambun'),
	(615,62,1,''),
	(616,62,2,'2020'),
	(617,62,5,'//'),
	(618,62,6,''),
	(619,62,7,''),
	(620,62,8,''),
	(621,63,9,'L'),
	(622,63,10,'istri'),
	(623,63,3,''),
	(624,63,4,'Metland Tambun'),
	(625,63,1,''),
	(626,63,2,'2020'),
	(627,63,5,'//'),
	(628,63,6,''),
	(629,63,7,''),
	(630,63,8,''),
	(631,64,9,'L'),
	(632,64,10,'anak'),
	(633,64,3,''),
	(634,64,4,'Metland Tambun'),
	(635,64,1,''),
	(636,64,2,'10'),
	(637,64,5,'14/3/2010'),
	(638,64,6,''),
	(639,64,7,''),
	(640,64,8,''),
	(641,65,9,'L'),
	(642,65,10,'anak'),
	(643,65,3,''),
	(644,65,4,'Metland Tambun'),
	(645,65,1,''),
	(646,65,2,'14'),
	(647,65,5,'17/11/2006'),
	(648,65,6,''),
	(649,65,7,''),
	(650,65,8,''),
	(651,66,9,'P'),
	(652,66,10,'anak'),
	(653,66,3,''),
	(654,66,4,'Metland Tambun'),
	(655,66,1,''),
	(656,66,2,'13'),
	(657,66,5,'17/12/2007'),
	(658,66,6,''),
	(659,66,7,''),
	(660,66,8,''),
	(661,67,9,'L'),
	(662,67,10,'anak'),
	(663,67,3,''),
	(664,67,4,'Metland Tambun'),
	(665,67,1,''),
	(666,67,2,'9'),
	(667,67,5,'16/11/2011'),
	(668,67,6,''),
	(669,67,7,''),
	(670,67,8,''),
	(671,68,9,'L'),
	(672,68,10,'kk'),
	(673,68,3,'S2'),
	(674,68,4,'Metland Tambun'),
	(675,68,1,'Kar Anyar '),
	(676,68,2,'48'),
	(677,68,5,'24/12/1972'),
	(678,68,6,'0811 943 968'),
	(679,68,7,'Karyawan BUMN'),
	(680,68,8,''),
	(681,69,9,'P'),
	(682,69,10,'istri'),
	(683,69,3,'S2'),
	(684,69,4,'Metland Tambun'),
	(685,69,1,'Yogyakarta'),
	(686,69,2,'46'),
	(687,69,5,'12/11/1974'),
	(688,69,6,'0822 2158 1127'),
	(689,69,7,'IRT'),
	(690,69,8,''),
	(691,70,9,'L'),
	(692,70,10,'anak'),
	(693,70,3,'MAHASISWA'),
	(694,70,4,'Metland Tambun'),
	(695,70,1,'Bekasi'),
	(696,70,2,'19'),
	(697,70,5,'30/1/2001'),
	(698,70,6,'0852 1708  0220'),
	(699,70,7,'Kuliah'),
	(700,70,8,''),
	(701,71,9,'P'),
	(702,71,10,'anak'),
	(703,71,3,'Sekolah'),
	(704,71,4,'Metland Tambun'),
	(705,71,1,'Bekasi'),
	(706,71,2,'13'),
	(707,71,5,'20/3/2007'),
	(708,71,6,''),
	(709,71,7,''),
	(710,71,8,''),
	(711,72,9,'L'),
	(712,72,10,'KK'),
	(713,72,3,'SMK'),
	(714,72,4,'Jl. Kebon Kelapa Gg. Pringgondani No.39'),
	(715,72,1,'Bekasi'),
	(716,72,2,'32'),
	(717,72,5,'8/3/1988'),
	(718,72,6,'0838 1972 2700'),
	(719,72,7,'Karyawan swasta'),
	(720,72,8,''),
	(721,73,9,'P'),
	(722,73,10,'istri'),
	(723,73,3,'S1'),
	(724,73,4,'Jl. Kebon Kelapa Gg. Pringgondani No.39'),
	(725,73,1,'Bogor'),
	(726,73,2,'34'),
	(727,73,5,'30/4/1986'),
	(728,73,6,''),
	(729,73,7,'IRT'),
	(730,73,8,''),
	(731,74,9,'P'),
	(732,74,10,'anak'),
	(733,74,3,''),
	(734,74,4,'Jl. Kebon Kelapa Gg. Pringgondani No.39'),
	(735,74,1,'Bekasi'),
	(736,74,2,'4'),
	(737,74,5,'10/6/2016'),
	(738,74,6,''),
	(739,74,7,''),
	(740,74,8,''),
	(741,75,9,'L'),
	(742,75,10,'kk'),
	(743,75,3,'SMK'),
	(744,75,4,'Komplek'),
	(745,75,1,'Sragen'),
	(746,75,2,'37'),
	(747,75,5,'17/9/1983'),
	(748,75,6,'81381656750'),
	(749,75,7,'Karyawan Pabrik'),
	(750,75,8,'Ada'),
	(751,76,9,'P'),
	(752,76,10,'istri'),
	(753,76,3,'S1'),
	(754,76,4,'Komplek'),
	(755,76,1,'Sragen'),
	(756,76,2,'29'),
	(757,76,5,'27/6/1991'),
	(758,76,6,'0823 2527 7691'),
	(759,76,7,'IRT'),
	(760,76,8,''),
	(761,77,9,'L'),
	(762,77,10,'anak'),
	(763,77,3,''),
	(764,77,4,'Komplek'),
	(765,77,1,'Bekasi'),
	(766,77,2,'5'),
	(767,77,5,'1/10/2015'),
	(768,77,6,''),
	(769,77,7,''),
	(770,77,8,''),
	(771,78,9,'L'),
	(772,78,10,'anak'),
	(773,78,3,''),
	(774,78,4,'Komplek'),
	(775,78,1,'Bekasi'),
	(776,78,2,'2'),
	(777,78,5,'4/9/2018'),
	(778,78,6,''),
	(779,78,7,''),
	(780,78,8,''),
	(781,79,9,'L'),
	(782,79,10,'KK'),
	(783,79,3,'SMK'),
	(784,79,4,'Komplek'),
	(785,79,1,'Klaten'),
	(786,79,2,'26'),
	(787,79,5,'14/9/1994'),
	(788,79,6,'0812 1246 9255'),
	(789,79,7,'Karyawan swasta'),
	(790,79,8,''),
	(791,80,9,'P'),
	(792,80,10,'istri'),
	(793,80,3,'SMK'),
	(794,80,4,'Komplek'),
	(795,80,1,'Kebumen'),
	(796,80,2,'24'),
	(797,80,5,'14/6/1996'),
	(798,80,6,'0819 7732 0559'),
	(799,80,7,''),
	(800,80,8,''),
	(801,81,9,'L'),
	(802,81,10,'kk'),
	(803,81,3,'SMK'),
	(804,81,4,'Komplek'),
	(805,81,1,'Sungayang'),
	(806,81,2,'32'),
	(807,81,5,'13/8/1988'),
	(808,81,6,''),
	(809,81,7,'Pegawai Swasta'),
	(810,81,8,''),
	(811,82,9,'P'),
	(812,82,10,'istri'),
	(813,82,3,'SMK'),
	(814,82,4,'Komplek'),
	(815,82,1,'Jakarta'),
	(816,82,2,'30'),
	(817,82,5,'31/3/1990'),
	(818,82,6,''),
	(819,82,7,'IRT'),
	(820,82,8,''),
	(821,83,9,'P'),
	(822,83,10,'anak'),
	(823,83,3,''),
	(824,83,4,'Komplek'),
	(825,83,1,'Karawang'),
	(826,83,2,'5'),
	(827,83,5,'24/5/2015'),
	(828,83,6,''),
	(829,83,7,''),
	(830,83,8,''),
	(831,84,9,'L'),
	(832,84,10,'KK'),
	(833,84,3,'SMK'),
	(834,84,4,'Komplek'),
	(835,84,1,'Cilacap'),
	(836,84,2,'24'),
	(837,84,5,'5/1/1996'),
	(838,84,6,'0857 2606 0677'),
	(839,84,7,'Karyawan Swasta'),
	(840,84,8,''),
	(841,85,9,'P'),
	(842,85,10,'istri'),
	(843,85,3,'SMK, Mubalighot'),
	(844,85,4,'Komplek'),
	(845,85,1,'Klaten'),
	(846,85,2,'24'),
	(847,85,5,'27/12/1996'),
	(848,85,6,'0823 1017 1855'),
	(849,85,7,'Karyawan Swasta'),
	(850,85,8,''),
	(851,86,9,'P'),
	(852,86,10,'anak'),
	(853,86,3,''),
	(854,86,4,'Komplek'),
	(855,86,1,'Bekasi'),
	(856,86,2,'2'),
	(857,86,5,'19/10/2018'),
	(858,86,6,''),
	(859,86,7,''),
	(860,86,8,''),
	(861,87,9,'L/P'),
	(862,87,10,'Status Keluarga'),
	(863,87,3,'Pendidikan'),
	(864,87,4,'Komplek'),
	(865,87,1,'TT L'),
	(866,87,2,'2020'),
	(867,87,5,'//'),
	(868,87,6,'No. Telp. / HP'),
	(869,87,7,'Pekerjaan'),
	(870,87,8,'IR'),
	(871,88,9,''),
	(872,88,10,''),
	(873,88,3,''),
	(874,88,4,''),
	(875,88,1,'Tempat'),
	(876,88,2,'#VALUE!'),
	(877,88,5,'Tgl/Bln/Tahun'),
	(878,88,6,''),
	(879,88,7,''),
	(880,88,8,''),
	(881,89,9,'L'),
	(882,89,10,'kk'),
	(883,89,3,'SMK'),
	(884,89,4,'Komplek'),
	(885,89,1,'Sragen'),
	(886,89,2,'40'),
	(887,89,5,'28/2/1980'),
	(888,89,6,'0812 8117 3528'),
	(889,89,7,'Pegawai Swasta'),
	(890,89,8,''),
	(891,90,9,'P'),
	(892,90,10,'istri'),
	(893,90,3,'SMK'),
	(894,90,4,'Komplek'),
	(895,90,1,'Kebumen'),
	(896,90,2,'36'),
	(897,90,5,'30/3/1984'),
	(898,90,6,'0813 1069 4707'),
	(899,90,7,'IRT'),
	(900,90,8,''),
	(901,91,9,'L'),
	(902,91,10,'anak'),
	(903,91,3,'Sekolah'),
	(904,91,4,'Komplek'),
	(905,91,1,'Bekasi'),
	(906,91,2,'10'),
	(907,91,5,'26/8/2010'),
	(908,91,6,''),
	(909,91,7,''),
	(910,91,8,''),
	(911,92,9,'L'),
	(912,92,10,'anak'),
	(913,92,3,''),
	(914,92,4,'Komplek'),
	(915,92,1,'Bekasi'),
	(916,92,2,'4'),
	(917,92,5,'25/6/2016'),
	(918,92,6,''),
	(919,92,7,''),
	(920,92,8,''),
	(921,93,9,'P'),
	(922,93,10,'anak'),
	(923,93,3,''),
	(924,93,4,'Komplek'),
	(925,93,1,'Bekasi'),
	(926,93,2,'3'),
	(927,93,5,'27/9/2017'),
	(928,93,6,''),
	(929,93,7,''),
	(930,93,8,''),
	(931,94,9,'L'),
	(932,94,10,'KK'),
	(933,94,3,''),
	(934,94,4,'Komplek'),
	(935,94,1,'Jakarta'),
	(936,94,2,'29'),
	(937,94,5,'29/1/1991'),
	(938,94,6,'0815 1415 9354'),
	(939,94,7,'Pegawai Swasta'),
	(940,94,8,'Ada'),
	(941,95,9,'P'),
	(942,95,10,'Istri'),
	(943,95,3,''),
	(944,95,4,'Komplek'),
	(945,95,1,'Tegal'),
	(946,95,2,'29'),
	(947,95,5,'11/2/1991'),
	(948,95,6,''),
	(949,95,7,'IRT'),
	(950,95,8,''),
	(951,96,9,'L'),
	(952,96,10,'Anak'),
	(953,96,3,''),
	(954,96,4,'Komplek'),
	(955,96,1,'Tegal'),
	(956,96,2,'3'),
	(957,96,5,'3/2/2017'),
	(958,96,6,''),
	(959,96,7,''),
	(960,96,8,''),
	(961,97,9,'L'),
	(962,97,10,'kk'),
	(963,97,3,''),
	(964,97,4,'Metland Tambun'),
	(965,97,1,''),
	(966,97,2,'45'),
	(967,97,5,'4/3/1975'),
	(968,97,6,''),
	(969,97,7,''),
	(970,97,8,''),
	(971,98,9,'P'),
	(972,98,10,'istri'),
	(973,98,3,''),
	(974,98,4,'Metland Tambun'),
	(975,98,1,''),
	(976,98,2,'44'),
	(977,98,5,'23/12/1976'),
	(978,98,6,''),
	(979,98,7,''),
	(980,98,8,''),
	(981,99,9,'P'),
	(982,99,10,'anak'),
	(983,99,3,''),
	(984,99,4,'Metland Tambun'),
	(985,99,1,''),
	(986,99,2,'20'),
	(987,99,5,'26/6/2000'),
	(988,99,6,''),
	(989,99,7,''),
	(990,99,8,''),
	(991,100,9,'P'),
	(992,100,10,'anak'),
	(993,100,3,''),
	(994,100,4,'Metland Tambun'),
	(995,100,1,''),
	(996,100,2,'15'),
	(997,100,5,'15/12/2005'),
	(998,100,6,''),
	(999,100,7,''),
	(1000,100,8,''),
	(1001,101,9,'L'),
	(1002,101,10,'anak'),
	(1003,101,3,''),
	(1004,101,4,'Metland Tambun'),
	(1005,101,1,''),
	(1006,101,2,'11'),
	(1007,101,5,'4/9/2009'),
	(1008,101,6,''),
	(1009,101,7,''),
	(1010,101,8,''),
	(1011,102,9,'L'),
	(1012,102,10,'anak'),
	(1013,102,3,''),
	(1014,102,4,'Metland Tambun'),
	(1015,102,1,''),
	(1016,102,2,'2020'),
	(1017,102,5,'//'),
	(1018,102,6,''),
	(1019,102,7,''),
	(1020,102,8,''),
	(1021,103,9,'L'),
	(1022,103,10,'kk'),
	(1023,103,3,''),
	(1024,103,4,'Komplek'),
	(1025,103,1,'Kuningan'),
	(1026,103,2,'37'),
	(1027,103,5,'17/8/1983'),
	(1028,103,6,''),
	(1029,103,7,'Wirausaha'),
	(1030,103,8,''),
	(1031,104,9,'P'),
	(1032,104,10,'istri'),
	(1033,104,3,''),
	(1034,104,4,'Komplek'),
	(1035,104,1,'Pacitan'),
	(1036,104,2,'30'),
	(1037,104,5,'9/2/1990'),
	(1038,104,6,''),
	(1039,104,7,'IRT'),
	(1040,104,8,''),
	(1041,105,9,'L'),
	(1042,105,10,'anak'),
	(1043,105,3,''),
	(1044,105,4,'Komplek'),
	(1045,105,1,'Pacitan'),
	(1046,105,2,'8'),
	(1047,105,5,'10/12/2012'),
	(1048,105,6,''),
	(1049,105,7,''),
	(1050,105,8,''),
	(1051,106,9,'L'),
	(1052,106,10,'anak'),
	(1053,106,3,''),
	(1054,106,4,'Komplek'),
	(1055,106,1,'bekasi'),
	(1056,106,2,'6'),
	(1057,106,5,'19/11/2014'),
	(1058,106,6,''),
	(1059,106,7,''),
	(1060,106,8,''),
	(1061,107,9,'L'),
	(1062,107,10,'anak'),
	(1063,107,3,''),
	(1064,107,4,'Komplek'),
	(1065,107,1,''),
	(1066,107,2,'2'),
	(1067,107,5,'12/9/2018'),
	(1068,107,6,''),
	(1069,107,7,''),
	(1070,107,8,''),
	(1071,108,9,'L'),
	(1072,108,10,'kk'),
	(1073,108,3,''),
	(1074,108,4,'Komplek'),
	(1075,108,1,'Sragen'),
	(1076,108,2,'40'),
	(1077,108,5,'6/11/1980'),
	(1078,108,6,''),
	(1079,108,7,'Pegawai Swasta'),
	(1080,108,8,''),
	(1081,109,9,'P'),
	(1082,109,10,'istri'),
	(1083,109,3,''),
	(1084,109,4,'Komplek'),
	(1085,109,1,'Jakarta'),
	(1086,109,2,'38'),
	(1087,109,5,'20/3/1982'),
	(1088,109,6,''),
	(1089,109,7,'Guru'),
	(1090,109,8,''),
	(1091,110,9,'L'),
	(1092,110,10,'anak'),
	(1093,110,3,''),
	(1094,110,4,'Komplek'),
	(1095,110,1,'Bekasi'),
	(1096,110,2,'12'),
	(1097,110,5,'14/7/2008'),
	(1098,110,6,''),
	(1099,110,7,''),
	(1100,110,8,''),
	(1101,111,9,'L'),
	(1102,111,10,'anak'),
	(1103,111,3,''),
	(1104,111,4,'Komplek'),
	(1105,111,1,'Bekasi'),
	(1106,111,2,'3'),
	(1107,111,5,'//2017'),
	(1108,111,6,''),
	(1109,111,7,''),
	(1110,111,8,''),
	(1111,112,9,'L'),
	(1112,112,10,'kk'),
	(1113,112,3,'SMA'),
	(1114,112,4,'Komplek'),
	(1115,112,1,'Bantul'),
	(1116,112,2,'39'),
	(1117,112,5,'9/2/1981'),
	(1118,112,6,'0813 1121 0567'),
	(1119,112,7,'Pegawai Swasta'),
	(1120,112,8,'Ada'),
	(1121,113,9,'P'),
	(1122,113,10,'istri'),
	(1123,113,3,'SMA'),
	(1124,113,4,'Komplek'),
	(1125,113,1,'Klaten'),
	(1126,113,2,'39'),
	(1127,113,5,'15/11/1981'),
	(1128,113,6,''),
	(1129,113,7,'IRT'),
	(1130,113,8,''),
	(1131,114,9,'L'),
	(1132,114,10,'anak'),
	(1133,114,3,''),
	(1134,114,4,'Komplek'),
	(1135,114,1,'Bekasi'),
	(1136,114,2,'11'),
	(1137,114,5,'10/3/2009'),
	(1138,114,6,''),
	(1139,114,7,''),
	(1140,114,8,''),
	(1141,115,9,'L'),
	(1142,115,10,'anak'),
	(1143,115,3,''),
	(1144,115,4,'Komplek'),
	(1145,115,1,'Bekasi'),
	(1146,115,2,'6'),
	(1147,115,5,'22/2/2014'),
	(1148,115,6,''),
	(1149,115,7,''),
	(1150,115,8,''),
	(1151,116,9,'P'),
	(1152,116,10,'anak'),
	(1153,116,3,''),
	(1154,116,4,'Komplek'),
	(1155,116,1,'Bekasi'),
	(1156,116,2,'3'),
	(1157,116,5,'24/1/2017'),
	(1158,116,6,''),
	(1159,116,7,''),
	(1160,116,8,''),
	(1161,117,9,'P'),
	(1162,117,10,'anak'),
	(1163,117,3,''),
	(1164,117,4,'Komplek'),
	(1165,117,1,'Bekasi'),
	(1166,117,2,'1'),
	(1167,117,5,'28/3/2019'),
	(1168,117,6,''),
	(1169,117,7,''),
	(1170,117,8,''),
	(1171,118,9,'L'),
	(1172,118,10,'kk'),
	(1173,118,3,'SMA'),
	(1174,118,4,'Komplek'),
	(1175,118,1,'Klaten'),
	(1176,118,2,'32'),
	(1177,118,5,'21/11/1988'),
	(1178,118,6,''),
	(1179,118,7,'Pegawai Swasta'),
	(1180,118,8,''),
	(1181,119,9,'P'),
	(1182,119,10,'istri'),
	(1183,119,3,'SMP'),
	(1184,119,4,'Komplek'),
	(1185,119,1,'Kebumen'),
	(1186,119,2,'33'),
	(1187,119,5,'31/9/1987'),
	(1188,119,6,''),
	(1189,119,7,'IRT'),
	(1190,119,8,''),
	(1191,120,9,'L'),
	(1192,120,10,'anak'),
	(1193,120,3,''),
	(1194,120,4,'Komplek'),
	(1195,120,1,'Jakarta'),
	(1196,120,2,'7'),
	(1197,120,5,'1/2/2013'),
	(1198,120,6,''),
	(1199,120,7,''),
	(1200,120,8,''),
	(1201,121,9,'P'),
	(1202,121,10,'anak'),
	(1203,121,3,''),
	(1204,121,4,'Komplek'),
	(1205,121,1,'Bekasi'),
	(1206,121,2,'5'),
	(1207,121,5,'14/7/2015'),
	(1208,121,6,''),
	(1209,121,7,''),
	(1210,121,8,''),
	(1211,122,9,'P'),
	(1212,122,10,'anak'),
	(1213,122,3,''),
	(1214,122,4,'Komplek'),
	(1215,122,1,'Bekasi'),
	(1216,122,2,'2'),
	(1217,122,5,'1/8/2018'),
	(1218,122,6,''),
	(1219,122,7,''),
	(1220,122,8,''),
	(1221,123,9,'L'),
	(1222,123,10,'kk'),
	(1223,123,3,''),
	(1224,123,4,'Komplek'),
	(1225,123,1,'Garut'),
	(1226,123,2,'38'),
	(1227,123,5,'25/2/1982'),
	(1228,123,6,''),
	(1229,123,7,''),
	(1230,123,8,''),
	(1231,124,9,'P'),
	(1232,124,10,'istri'),
	(1233,124,3,''),
	(1234,124,4,'Komplek'),
	(1235,124,1,'Garut'),
	(1236,124,2,'36'),
	(1237,124,5,'//1984'),
	(1238,124,6,''),
	(1239,124,7,''),
	(1240,124,8,''),
	(1241,125,9,'P'),
	(1242,125,10,'Anak'),
	(1243,125,3,''),
	(1244,125,4,'Komplek'),
	(1245,125,1,'Bekasi'),
	(1246,125,2,'4'),
	(1247,125,5,'15/12/2016'),
	(1248,125,6,''),
	(1249,125,7,''),
	(1250,125,8,''),
	(1251,126,9,'L'),
	(1252,126,10,'KK'),
	(1253,126,3,'SMP'),
	(1254,126,4,'Komplek'),
	(1255,126,1,'Ciamis'),
	(1256,126,2,'34'),
	(1257,126,5,'11/5/1986'),
	(1258,126,6,'0821 1216 5843'),
	(1259,126,7,'Wirausaha Buah'),
	(1260,126,8,'Ada'),
	(1261,127,9,'P'),
	(1262,127,10,'Istri'),
	(1263,127,3,'SMK'),
	(1264,127,4,'Komplek'),
	(1265,127,1,'Sukoharjo'),
	(1266,127,2,'29'),
	(1267,127,5,'17/8/1991'),
	(1268,127,6,''),
	(1269,127,7,''),
	(1270,127,8,''),
	(1271,128,9,'P'),
	(1272,128,10,'Anak'),
	(1273,128,3,''),
	(1274,128,4,'Komplek'),
	(1275,128,1,'Ciamis'),
	(1276,128,2,'8'),
	(1277,128,5,'1/8/2012'),
	(1278,128,6,''),
	(1279,128,7,''),
	(1280,128,8,''),
	(1281,129,9,'P'),
	(1282,129,10,'Anak'),
	(1283,129,3,''),
	(1284,129,4,'Komplek'),
	(1285,129,1,'Bekasi'),
	(1286,129,2,'4'),
	(1287,129,5,'15/11/2016'),
	(1288,129,6,''),
	(1289,129,7,''),
	(1290,129,8,''),
	(1291,130,9,'L'),
	(1292,130,10,'Anak'),
	(1293,130,3,''),
	(1294,130,4,'Komplek'),
	(1295,130,1,'Bekasi'),
	(1296,130,2,'2'),
	(1297,130,5,'15/4/2018'),
	(1298,130,6,''),
	(1299,130,7,''),
	(1300,130,8,''),
	(1301,131,9,'L'),
	(1302,131,10,'kk'),
	(1303,131,3,'SMA'),
	(1304,131,4,'Komplek'),
	(1305,131,1,'Banyumas'),
	(1306,131,2,'53'),
	(1307,131,5,'27/7/1967'),
	(1308,131,6,'0812 8211 1625'),
	(1309,131,7,'Wirausaha'),
	(1310,131,8,''),
	(1311,132,9,'P'),
	(1312,132,10,'istri'),
	(1313,132,3,'SMA'),
	(1314,132,4,'Komplek'),
	(1315,132,1,'Kebumen'),
	(1316,132,2,'43'),
	(1317,132,5,'20/8/1977'),
	(1318,132,6,''),
	(1319,132,7,'IRT'),
	(1320,132,8,''),
	(1321,133,9,'P'),
	(1322,133,10,'anak'),
	(1323,133,3,'SMA'),
	(1324,133,4,'Komplek'),
	(1325,133,1,'jakarta'),
	(1326,133,2,'26'),
	(1327,133,5,'8/11/1994'),
	(1328,133,6,'0822 1384 7475'),
	(1329,133,7,'kary.swasta'),
	(1330,133,8,''),
	(1331,134,9,'L'),
	(1332,134,10,'kk'),
	(1333,134,3,'SMA'),
	(1334,134,4,'Komplek'),
	(1335,134,1,'Garut'),
	(1336,134,2,'39'),
	(1337,134,5,'10/10/1981'),
	(1338,134,6,''),
	(1339,134,7,'Pegawai Swasta'),
	(1340,134,8,''),
	(1341,135,9,'P'),
	(1342,135,10,'istri'),
	(1343,135,3,'SMA'),
	(1344,135,4,'Komplek'),
	(1345,135,1,'Bekasi'),
	(1346,135,2,'37'),
	(1347,135,5,'23/11/1983'),
	(1348,135,6,''),
	(1349,135,7,''),
	(1350,135,8,''),
	(1351,136,9,'L'),
	(1352,136,10,'anak'),
	(1353,136,3,''),
	(1354,136,4,'Komplek'),
	(1355,136,1,'Bekasi'),
	(1356,136,2,'9'),
	(1357,136,5,'9/11/2011'),
	(1358,136,6,''),
	(1359,136,7,''),
	(1360,136,8,''),
	(1361,137,9,'P'),
	(1362,137,10,'anak'),
	(1363,137,3,''),
	(1364,137,4,'Komplek'),
	(1365,137,1,'Bekasi'),
	(1366,137,2,'5'),
	(1367,137,5,'//2015'),
	(1368,137,6,''),
	(1369,137,7,''),
	(1370,137,8,''),
	(1371,138,9,'L'),
	(1372,138,10,'KK'),
	(1373,138,3,'Diploma'),
	(1374,138,4,''),
	(1375,138,1,'Jakarta'),
	(1376,138,2,'46'),
	(1377,138,5,'13/11/1974'),
	(1378,138,6,'0821 1214 3973'),
	(1379,138,7,''),
	(1380,138,8,''),
	(1381,139,9,'P'),
	(1382,139,10,'Istri'),
	(1383,139,3,'Diploma'),
	(1384,139,4,''),
	(1385,139,1,'Biak'),
	(1386,139,2,'43'),
	(1387,139,5,'8/12/1977'),
	(1388,139,6,''),
	(1389,139,7,''),
	(1390,139,8,''),
	(1391,140,9,'P'),
	(1392,140,10,'anak'),
	(1393,140,3,''),
	(1394,140,4,''),
	(1395,140,1,'Bekasi'),
	(1396,140,2,'13'),
	(1397,140,5,'3/12/2007'),
	(1398,140,6,''),
	(1399,140,7,''),
	(1400,140,8,''),
	(1401,141,9,'P'),
	(1402,141,10,'anak'),
	(1403,141,3,''),
	(1404,141,4,''),
	(1405,141,1,'Bekasi'),
	(1406,141,2,'9'),
	(1407,141,5,'2/2/2011'),
	(1408,141,6,''),
	(1409,141,7,''),
	(1410,141,8,''),
	(1411,142,9,'L'),
	(1412,142,10,'kk'),
	(1413,142,3,''),
	(1414,142,4,'Komplek'),
	(1415,142,1,'Jakarta'),
	(1416,142,2,'34'),
	(1417,142,5,'21/12/1986'),
	(1418,142,6,''),
	(1419,142,7,'Mubaligh'),
	(1420,142,8,'Ada'),
	(1421,143,9,'P'),
	(1422,143,10,'istri'),
	(1423,143,3,''),
	(1424,143,4,'Komplek'),
	(1425,143,1,'Pringsewu'),
	(1426,143,2,'34'),
	(1427,143,5,'16/11/1986'),
	(1428,143,6,''),
	(1429,143,7,'Pegawai Swasta'),
	(1430,143,8,''),
	(1431,144,9,'L'),
	(1432,144,10,'anak'),
	(1433,144,3,''),
	(1434,144,4,'Komplek'),
	(1435,144,1,'Karawang'),
	(1436,144,2,'7'),
	(1437,144,5,'25/11/2013'),
	(1438,144,6,''),
	(1439,144,7,''),
	(1440,144,8,''),
	(1441,145,9,'P'),
	(1442,145,10,'anak'),
	(1443,145,3,''),
	(1444,145,4,'Komplek'),
	(1445,145,1,'Bekasi'),
	(1446,145,2,'4'),
	(1447,145,5,'18/2/2016'),
	(1448,145,6,''),
	(1449,145,7,''),
	(1450,145,8,''),
	(1451,146,9,'L'),
	(1452,146,10,'kk'),
	(1453,146,3,'S1'),
	(1454,146,4,'Komplek'),
	(1455,146,1,'Gresik'),
	(1456,146,2,'34'),
	(1457,146,5,'21/2/1986'),
	(1458,146,6,'0812 1928 6831'),
	(1459,146,7,'Wiraswasta'),
	(1460,146,8,''),
	(1461,147,9,'P'),
	(1462,147,10,'istri'),
	(1463,147,3,'S1'),
	(1464,147,4,'Komplek'),
	(1465,147,1,'Bandung'),
	(1466,147,2,'28'),
	(1467,147,5,'19/2/1992'),
	(1468,147,6,''),
	(1469,147,7,''),
	(1470,147,8,''),
	(1471,148,9,'P'),
	(1472,148,10,'anak'),
	(1473,148,3,''),
	(1474,148,4,'Komplek'),
	(1475,148,1,'Bandung'),
	(1476,148,2,'7'),
	(1477,148,5,'5/1/2013'),
	(1478,148,6,''),
	(1479,148,7,''),
	(1480,148,8,''),
	(1481,149,9,'L'),
	(1482,149,10,'anak'),
	(1483,149,3,''),
	(1484,149,4,'Komplek'),
	(1485,149,1,'Bandung'),
	(1486,149,2,'6'),
	(1487,149,5,'7/11/2014'),
	(1488,149,6,''),
	(1489,149,7,''),
	(1490,149,8,''),
	(1491,150,9,'L'),
	(1492,150,10,'anak'),
	(1493,150,3,''),
	(1494,150,4,'Komplek'),
	(1495,150,1,'Bandung'),
	(1496,150,2,'3'),
	(1497,150,5,'5/12/2017'),
	(1498,150,6,''),
	(1499,150,7,''),
	(1500,150,8,''),
	(1501,151,9,'L'),
	(1502,151,10,'anak'),
	(1503,151,3,''),
	(1504,151,4,'Komplek'),
	(1505,151,1,'Bandung'),
	(1506,151,2,'1'),
	(1507,151,5,'22/5/2019'),
	(1508,151,6,''),
	(1509,151,7,''),
	(1510,151,8,''),
	(1511,152,9,'L'),
	(1512,152,10,'kk'),
	(1513,152,3,''),
	(1514,152,4,'Komplek'),
	(1515,152,1,'Sragen'),
	(1516,152,2,'37'),
	(1517,152,5,'20/10/1983'),
	(1518,152,6,'8121556427'),
	(1519,152,7,'Pegawai Swasta'),
	(1520,152,8,'Ada'),
	(1521,153,9,'P'),
	(1522,153,10,'istri'),
	(1523,153,3,''),
	(1524,153,4,'Komplek'),
	(1525,153,1,'Semarang'),
	(1526,153,2,'37'),
	(1527,153,5,'18/10/1983'),
	(1528,153,6,''),
	(1529,153,7,'IRT'),
	(1530,153,8,''),
	(1531,154,9,'L'),
	(1532,154,10,'anak'),
	(1533,154,3,''),
	(1534,154,4,'Komplek'),
	(1535,154,1,'Semarang'),
	(1536,154,2,'6'),
	(1537,154,5,'9/1/2014'),
	(1538,154,6,''),
	(1539,154,7,''),
	(1540,154,8,''),
	(1541,155,9,'L'),
	(1542,155,10,'KK'),
	(1543,155,3,'SMK'),
	(1544,155,4,'Komplek'),
	(1545,155,1,'Cilacap'),
	(1546,155,2,'32'),
	(1547,155,5,'21/7/1988'),
	(1548,155,6,'0812 9006 6383'),
	(1549,155,7,'Pegawai Swasta'),
	(1550,155,8,''),
	(1551,156,9,'P'),
	(1552,156,10,'Istri'),
	(1553,156,3,'SMK'),
	(1554,156,4,'Komplek'),
	(1555,156,1,'Magelang'),
	(1556,156,2,'28'),
	(1557,156,5,'28/5/1992'),
	(1558,156,6,'0812 1654 1951'),
	(1559,156,7,'IRT'),
	(1560,156,8,''),
	(1561,157,9,'P'),
	(1562,157,10,'Anak'),
	(1563,157,3,''),
	(1564,157,4,'Komplek'),
	(1565,157,1,'Batam'),
	(1566,157,2,'5'),
	(1567,157,5,'30/9/2015'),
	(1568,157,6,''),
	(1569,157,7,''),
	(1570,157,8,''),
	(1571,158,9,''),
	(1572,158,10,''),
	(1573,158,3,''),
	(1574,158,4,''),
	(1575,158,1,''),
	(1576,158,2,'2020'),
	(1577,158,5,'//'),
	(1578,158,6,''),
	(1579,158,7,''),
	(1580,158,8,''),
	(1581,159,9,'L'),
	(1582,159,10,'kk'),
	(1583,159,3,'SMA'),
	(1584,159,4,'Komplek'),
	(1585,159,1,'Sleman'),
	(1586,159,2,'28'),
	(1587,159,5,'21/8/1992'),
	(1588,159,6,'085 775 282 313'),
	(1589,159,7,'Karyawan Pabrik'),
	(1590,159,8,'Ada'),
	(1591,160,9,'P'),
	(1592,160,10,'Istri'),
	(1593,160,3,'SMA'),
	(1594,160,4,'Komplek'),
	(1595,160,1,'Jakarta'),
	(1596,160,2,'25'),
	(1597,160,5,'1/10/1995'),
	(1598,160,6,'082 298 769 543'),
	(1599,160,7,'IRT'),
	(1600,160,8,''),
	(1601,161,9,'P'),
	(1602,161,10,'anak'),
	(1603,161,3,''),
	(1604,161,4,'Komplek'),
	(1605,161,1,'Bekasi'),
	(1606,161,2,'2'),
	(1607,161,5,'5/3/2018'),
	(1608,161,6,''),
	(1609,161,7,''),
	(1610,161,8,''),
	(1611,162,9,'L'),
	(1612,162,10,'kk'),
	(1613,162,3,'SMP'),
	(1614,162,4,'Komplek'),
	(1615,162,1,'Jakarta'),
	(1616,162,2,'61'),
	(1617,162,5,'31/3/1959'),
	(1618,162,6,'0812 9050 7754'),
	(1619,162,7,'Wiraswasta'),
	(1620,162,8,''),
	(1621,163,9,'P'),
	(1622,163,10,'istri'),
	(1623,163,3,'SD'),
	(1624,163,4,'Komplek'),
	(1625,163,1,'Kebumen'),
	(1626,163,2,'42'),
	(1627,163,5,'10/12/1978'),
	(1628,163,6,'0878 7946 9772'),
	(1629,163,7,'Karyawan Toko'),
	(1630,163,8,''),
	(1631,164,9,'L'),
	(1632,164,10,'kk'),
	(1633,164,3,''),
	(1634,164,4,'Komplek'),
	(1635,164,1,'Jambi'),
	(1636,164,2,'37'),
	(1637,164,5,'12/10/1983'),
	(1638,164,6,'08117306534'),
	(1639,164,7,'Pegawai Swasta'),
	(1640,164,8,'Ada'),
	(1641,165,9,'P'),
	(1642,165,10,'istri'),
	(1643,165,3,''),
	(1644,165,4,'Komplek'),
	(1645,165,1,'Palembang'),
	(1646,165,2,'35'),
	(1647,165,5,'16/6/1985'),
	(1648,165,6,'085273354205'),
	(1649,165,7,'IRT'),
	(1650,165,8,''),
	(1651,166,9,'L'),
	(1652,166,10,'anak'),
	(1653,166,3,''),
	(1654,166,4,'Komplek'),
	(1655,166,1,'Palembang'),
	(1656,166,2,'10'),
	(1657,166,5,'9/7/2010'),
	(1658,166,6,''),
	(1659,166,7,''),
	(1660,166,8,''),
	(1661,167,9,'P'),
	(1662,167,10,'anak'),
	(1663,167,3,''),
	(1664,167,4,'Komplek'),
	(1665,167,1,'Bekasi'),
	(1666,167,2,'3'),
	(1667,167,5,'26/5/2017'),
	(1668,167,6,''),
	(1669,167,7,''),
	(1670,167,8,''),
	(1671,168,9,'L'),
	(1672,168,10,'kk'),
	(1673,168,3,'D3'),
	(1674,168,4,'Komplek'),
	(1675,168,1,'Semarang'),
	(1676,168,2,'30'),
	(1677,168,5,'27/11/1990'),
	(1678,168,6,'082323947623'),
	(1679,168,7,'Pegawai Swasta'),
	(1680,168,8,'Ada'),
	(1681,169,9,'P'),
	(1682,169,10,'istri'),
	(1683,169,3,'D3'),
	(1684,169,4,'Komplek'),
	(1685,169,1,'Bondowoso'),
	(1686,169,2,'28'),
	(1687,169,5,'1/1/1992'),
	(1688,169,6,''),
	(1689,169,7,'IRT'),
	(1690,169,8,''),
	(1691,170,9,'P'),
	(1692,170,10,'Anak'),
	(1693,170,3,''),
	(1694,170,4,'Komplek'),
	(1695,170,1,'Sragen'),
	(1696,170,2,'3'),
	(1697,170,5,'21/8/2017'),
	(1698,170,6,''),
	(1699,170,7,''),
	(1700,170,8,''),
	(1701,171,9,'L'),
	(1702,171,10,'kk'),
	(1703,171,3,'SMA'),
	(1704,171,4,'Komplek'),
	(1705,171,1,'Klaten'),
	(1706,171,2,'36'),
	(1707,171,5,'9/10/1984'),
	(1708,171,6,'0812 1571 319'),
	(1709,171,7,'Pegawai Swasta'),
	(1710,171,8,'Ada'),
	(1711,172,9,'P'),
	(1712,172,10,'istri'),
	(1713,172,3,'SMA'),
	(1714,172,4,'Komplek'),
	(1715,172,1,'Surakarta'),
	(1716,172,2,'34'),
	(1717,172,5,'12/10/1986'),
	(1718,172,6,'0812  9077 6872'),
	(1719,172,7,'IRT'),
	(1720,172,8,''),
	(1721,173,9,'L'),
	(1722,173,10,'anak'),
	(1723,173,3,'Sekolah'),
	(1724,173,4,'Komplek'),
	(1725,173,1,'Klaten'),
	(1726,173,2,'11'),
	(1727,173,5,'9/4/2009'),
	(1728,173,6,''),
	(1729,173,7,'Pelajar'),
	(1730,173,8,''),
	(1731,174,9,'P'),
	(1732,174,10,'anak'),
	(1733,174,3,''),
	(1734,174,4,'Komplek'),
	(1735,174,1,'Bekasi'),
	(1736,174,2,'8'),
	(1737,174,5,'2/5/2012'),
	(1738,174,6,''),
	(1739,174,7,''),
	(1740,174,8,''),
	(1741,175,9,'P'),
	(1742,175,10,'anak'),
	(1743,175,3,''),
	(1744,175,4,'Komplek'),
	(1745,175,1,'Bekasi'),
	(1746,175,2,'2'),
	(1747,175,5,'5/7/2018'),
	(1748,175,6,''),
	(1749,175,7,''),
	(1750,175,8,''),
	(1751,176,9,'L'),
	(1752,176,10,'kk'),
	(1753,176,3,'SLTP'),
	(1754,176,4,''),
	(1755,176,1,'Blora'),
	(1756,176,2,'49'),
	(1757,176,5,'7/8/1971'),
	(1758,176,6,'0821 2234 5206'),
	(1759,176,7,'Karyawan swasta'),
	(1760,176,8,''),
	(1761,177,9,'P'),
	(1762,177,10,'istri'),
	(1763,177,3,''),
	(1764,177,4,''),
	(1765,177,1,'Tangerang'),
	(1766,177,2,'39'),
	(1767,177,5,'1/1/1981'),
	(1768,177,6,''),
	(1769,177,7,''),
	(1770,177,8,''),
	(1771,178,9,'L'),
	(1772,178,10,'anak'),
	(1773,178,3,''),
	(1774,178,4,''),
	(1775,178,1,'Tangerang'),
	(1776,178,2,'20'),
	(1777,178,5,'25/11/2000'),
	(1778,178,6,''),
	(1779,178,7,''),
	(1780,178,8,''),
	(1781,179,9,'P'),
	(1782,179,10,'anak'),
	(1783,179,3,''),
	(1784,179,4,''),
	(1785,179,1,'Bekasi'),
	(1786,179,2,'13'),
	(1787,179,5,'30/11/2007'),
	(1788,179,6,''),
	(1789,179,7,''),
	(1790,179,8,''),
	(1791,180,9,'L'),
	(1792,180,10,'anak'),
	(1793,180,3,''),
	(1794,180,4,''),
	(1795,180,1,'Bekasi'),
	(1796,180,2,'9'),
	(1797,180,5,'23/6/2011'),
	(1798,180,6,''),
	(1799,180,7,''),
	(1800,180,8,''),
	(1801,181,9,'L'),
	(1802,181,10,'anak'),
	(1803,181,3,''),
	(1804,181,4,''),
	(1805,181,1,'Bekasi'),
	(1806,181,2,'3'),
	(1807,181,5,'7/1/2017'),
	(1808,181,6,''),
	(1809,181,7,''),
	(1810,181,8,''),
	(1811,182,9,'L'),
	(1812,182,10,'kk'),
	(1813,182,3,''),
	(1814,182,4,'Komplek'),
	(1815,182,1,'Bongkleon'),
	(1816,182,2,'31'),
	(1817,182,5,'11/8/1989'),
	(1818,182,6,'0823 1222 3053'),
	(1819,182,7,'Wirausaha Sayur'),
	(1820,182,8,''),
	(1821,183,9,'L'),
	(1822,183,10,'KK'),
	(1823,183,3,''),
	(1824,183,4,'Kp. Utan'),
	(1825,183,1,''),
	(1826,183,2,'32'),
	(1827,183,5,'//1988'),
	(1828,183,6,''),
	(1829,183,7,''),
	(1830,183,8,''),
	(1831,184,9,'P'),
	(1832,184,10,'istri'),
	(1833,184,3,''),
	(1834,184,4,'Kp. Utan'),
	(1835,184,1,''),
	(1836,184,2,'2020'),
	(1837,184,5,'//0'),
	(1838,184,6,''),
	(1839,184,7,''),
	(1840,184,8,''),
	(1841,185,9,'L'),
	(1842,185,10,'anak'),
	(1843,185,3,''),
	(1844,185,4,'Kp. Utan'),
	(1845,185,1,''),
	(1846,185,2,'2020'),
	(1847,185,5,'//0'),
	(1848,185,6,''),
	(1849,185,7,''),
	(1850,185,8,''),
	(1851,186,9,'L'),
	(1852,186,10,'anak'),
	(1853,186,3,''),
	(1854,186,4,'Kp. Utan'),
	(1855,186,1,''),
	(1856,186,2,'2020'),
	(1857,186,5,'//0'),
	(1858,186,6,''),
	(1859,186,7,''),
	(1860,186,8,''),
	(1861,187,9,'L'),
	(1862,187,10,'anak'),
	(1863,187,3,''),
	(1864,187,4,'Kp. Utan'),
	(1865,187,1,''),
	(1866,187,2,'2020'),
	(1867,187,5,'//0'),
	(1868,187,6,''),
	(1869,187,7,''),
	(1870,187,8,''),
	(1871,188,9,'L'),
	(1872,188,10,'anak'),
	(1873,188,3,''),
	(1874,188,4,'Kp. Utan'),
	(1875,188,1,''),
	(1876,188,2,'2020'),
	(1877,188,5,'//0'),
	(1878,188,6,''),
	(1879,188,7,''),
	(1880,188,8,''),
	(1881,189,9,'L'),
	(1882,189,10,'anak'),
	(1883,189,3,''),
	(1884,189,4,'Kp. Utan'),
	(1885,189,1,'bekasi'),
	(1886,189,2,'1'),
	(1887,189,5,'2/3/2019'),
	(1888,189,6,''),
	(1889,189,7,''),
	(1890,189,8,''),
	(1891,190,9,'L'),
	(1892,190,10,'KK'),
	(1893,190,3,'SMK'),
	(1894,190,4,'Komplek'),
	(1895,190,1,'Indramayu'),
	(1896,190,2,'26'),
	(1897,190,5,'3/1/1994'),
	(1898,190,6,''),
	(1899,190,7,''),
	(1900,190,8,''),
	(1901,191,9,'P'),
	(1902,191,10,'istri'),
	(1903,191,3,''),
	(1904,191,4,'Komplek'),
	(1905,191,1,'Tangerang'),
	(1906,191,2,'24'),
	(1907,191,5,'27/8/1996'),
	(1908,191,6,''),
	(1909,191,7,''),
	(1910,191,8,''),
	(1911,192,9,'P'),
	(1912,192,10,'anak'),
	(1913,192,3,''),
	(1914,192,4,'Komplek'),
	(1915,192,1,'Tangerang'),
	(1916,192,2,'2'),
	(1917,192,5,'5/11/2018'),
	(1918,192,6,''),
	(1919,192,7,''),
	(1920,192,8,''),
	(1921,193,9,'L'),
	(1922,193,10,'KK'),
	(1923,193,3,''),
	(1924,193,4,'Cibuntu Kp. Utan'),
	(1925,193,1,'Jakarta'),
	(1926,193,2,'25'),
	(1927,193,5,'1/3/1995'),
	(1928,193,6,'089 522 609 522'),
	(1929,193,7,'Pegawai Swasta'),
	(1930,193,8,''),
	(1931,194,9,'P'),
	(1932,194,10,'istri'),
	(1933,194,3,''),
	(1934,194,4,'Cibuntu Kp. Utan'),
	(1935,194,1,'Karawang'),
	(1936,194,2,'22'),
	(1937,194,5,'14/11/1998'),
	(1938,194,6,''),
	(1939,194,7,''),
	(1940,194,8,''),
	(1941,195,9,'L'),
	(1942,195,10,'KK'),
	(1943,195,3,'S1'),
	(1944,195,4,'Komplek'),
	(1945,195,1,'Krng. anyar'),
	(1946,195,2,'31'),
	(1947,195,5,'6/3/1989'),
	(1948,195,6,'0856 4713 8807'),
	(1949,195,7,'Pegawai Swasta'),
	(1950,195,8,''),
	(1951,196,9,'P'),
	(1952,196,10,'istri'),
	(1953,196,3,'S1'),
	(1954,196,4,'Komplek'),
	(1955,196,1,''),
	(1956,196,2,'2020'),
	(1957,196,5,'//'),
	(1958,196,6,''),
	(1959,196,7,''),
	(1960,196,8,''),
	(1961,197,9,'L'),
	(1962,197,10,'KK'),
	(1963,197,3,'SMK'),
	(1964,197,4,'Komplek'),
	(1965,197,1,'Sragen'),
	(1966,197,2,'28'),
	(1967,197,5,'27/8/1992'),
	(1968,197,6,'0853 2713 5472'),
	(1969,197,7,'Pegawai Swasta'),
	(1970,197,8,''),
	(1971,198,9,'P'),
	(1972,198,10,'istri'),
	(1973,198,3,'Mubalighot'),
	(1974,198,4,'Komplek'),
	(1975,198,1,''),
	(1976,198,2,'2020'),
	(1977,198,5,'//'),
	(1978,198,6,''),
	(1979,198,7,'Pegawai Swasta'),
	(1980,198,8,''),
	(1981,199,9,'L'),
	(1982,199,10,'KK'),
	(1983,199,3,''),
	(1984,199,4,'Komplek'),
	(1985,199,1,''),
	(1986,199,2,'2020'),
	(1987,199,5,'//'),
	(1988,199,6,''),
	(1989,199,7,''),
	(1990,199,8,''),
	(1991,200,9,'P'),
	(1992,200,10,'istri'),
	(1993,200,3,''),
	(1994,200,4,'Komplek'),
	(1995,200,1,''),
	(1996,200,2,'2020'),
	(1997,200,5,'//'),
	(1998,200,6,''),
	(1999,200,7,''),
	(2000,200,8,''),
	(2001,201,9,'P'),
	(2002,201,10,'anak'),
	(2003,201,3,''),
	(2004,201,4,'Komplek'),
	(2005,201,1,''),
	(2006,201,2,'2020'),
	(2007,201,5,'//'),
	(2008,201,6,''),
	(2009,201,7,''),
	(2010,201,8,''),
	(2011,202,9,'L'),
	(2012,202,10,'KK'),
	(2013,202,3,''),
	(2014,202,4,''),
	(2015,202,1,''),
	(2016,202,2,'2020'),
	(2017,202,5,'//'),
	(2018,202,6,''),
	(2019,202,7,''),
	(2020,202,8,''),
	(2021,203,9,'P'),
	(2022,203,10,'istri'),
	(2023,203,3,''),
	(2024,203,4,''),
	(2025,203,1,''),
	(2026,203,2,'2020'),
	(2027,203,5,'//'),
	(2028,203,6,''),
	(2029,203,7,''),
	(2030,203,8,''),
	(2031,204,9,'L'),
	(2032,204,10,'kk'),
	(2033,204,3,'SMK'),
	(2034,204,4,'Kp. Utan'),
	(2035,204,1,'Bandung'),
	(2036,204,2,'53'),
	(2037,204,5,'1/1/1967'),
	(2038,204,6,''),
	(2039,204,7,''),
	(2040,204,8,''),
	(2041,205,9,'L'),
	(2042,205,10,'Lajang'),
	(2043,205,3,'SMK'),
	(2044,205,4,'Kp. Utan'),
	(2045,205,1,'Bekasi'),
	(2046,205,2,'30'),
	(2047,205,5,'5/6/1990'),
	(2048,205,6,''),
	(2049,205,7,''),
	(2050,205,8,''),
	(2051,206,9,'P'),
	(2052,206,10,'anak'),
	(2053,206,3,'SMK'),
	(2054,206,4,'Kp. Utan'),
	(2055,206,1,'bekasi'),
	(2056,206,2,'27'),
	(2057,206,5,'7/7/1993'),
	(2058,206,6,''),
	(2059,206,7,''),
	(2060,206,8,''),
	(2061,207,9,'P'),
	(2062,207,10,'anak'),
	(2063,207,3,'S1'),
	(2064,207,4,'Kp. Utan'),
	(2065,207,1,'bekasi'),
	(2066,207,2,'25'),
	(2067,207,5,'21/5/1995'),
	(2068,207,6,''),
	(2069,207,7,''),
	(2070,207,8,''),
	(2071,208,9,'P'),
	(2072,208,10,'anak'),
	(2073,208,3,'SMK'),
	(2074,208,4,'Kp. Utan'),
	(2075,208,1,'bekasi'),
	(2076,208,2,'19'),
	(2077,208,5,'22/12/2001'),
	(2078,208,6,''),
	(2079,208,7,''),
	(2080,208,8,''),
	(2081,209,9,'L'),
	(2082,209,10,'anak'),
	(2083,209,3,''),
	(2084,209,4,'Kp. Utan'),
	(2085,209,1,'Bekasi'),
	(2086,209,2,'17'),
	(2087,209,5,'24/12/2003'),
	(2088,209,6,''),
	(2089,209,7,''),
	(2090,209,8,''),
	(2091,210,9,'L'),
	(2092,210,10,'anak'),
	(2093,210,3,''),
	(2094,210,4,'Kp. Utan'),
	(2095,210,1,'Bekasi'),
	(2096,210,2,'15'),
	(2097,210,5,'10/2/2005'),
	(2098,210,6,''),
	(2099,210,7,''),
	(2100,210,8,''),
	(2101,211,9,'L'),
	(2102,211,10,'anak'),
	(2103,211,3,''),
	(2104,211,4,'Kp. Utan'),
	(2105,211,1,'Bekasi'),
	(2106,211,2,'12'),
	(2107,211,5,'18/1/2008'),
	(2108,211,6,''),
	(2109,211,7,''),
	(2110,211,8,''),
	(2111,212,9,'L'),
	(2112,212,10,'kk'),
	(2113,212,3,''),
	(2114,212,4,'Warungsengon'),
	(2115,212,1,'Jakarta'),
	(2116,212,2,'41'),
	(2117,212,5,'11/11/1979'),
	(2118,212,6,'0856 3673 8403'),
	(2119,212,7,''),
	(2120,212,8,''),
	(2121,213,9,'L'),
	(2122,213,10,'kk'),
	(2123,213,3,''),
	(2124,213,4,'Komplek'),
	(2125,213,1,'Kuningan'),
	(2126,213,2,'46'),
	(2127,213,5,'4/8/1974'),
	(2128,213,6,'0858 8078 9783'),
	(2129,213,7,'Tukang'),
	(2130,213,8,'Ada'),
	(2131,214,9,'L'),
	(2132,214,10,'kk'),
	(2133,214,3,'SMP'),
	(2134,214,4,'Komplek'),
	(2135,214,1,'wonogiri'),
	(2136,214,2,'35'),
	(2137,214,5,'6/7/1985'),
	(2138,214,6,'0857 2968 6255'),
	(2139,214,7,'Tukang'),
	(2140,214,8,''),
	(2141,215,9,'L'),
	(2142,215,10,'kk'),
	(2143,215,3,'SMP, mubaligh'),
	(2144,215,4,'Komplek'),
	(2145,215,1,'wonogiri'),
	(2146,215,2,'28'),
	(2147,215,5,'29/9/1992'),
	(2148,215,6,'0858 8651 5754'),
	(2149,215,7,'Tukang'),
	(2150,215,8,''),
	(2151,216,9,'L'),
	(2152,216,10,'KK'),
	(2153,216,3,'SD'),
	(2154,216,4,'Gudang H.Mustofa'),
	(2155,216,1,'Brebes'),
	(2156,216,2,'33'),
	(2157,216,5,'25/5/1987'),
	(2158,216,6,'0823 1232 5410'),
	(2159,216,7,'Pegawai Swasta'),
	(2160,216,8,''),
	(2161,217,9,'L'),
	(2162,217,10,'KK'),
	(2163,217,3,''),
	(2164,217,4,'Gudang H.Mustofa'),
	(2165,217,1,''),
	(2166,217,2,'2020'),
	(2167,217,5,'//'),
	(2168,217,6,''),
	(2169,217,7,''),
	(2170,217,8,''),
	(2171,218,9,'L'),
	(2172,218,10,'KK'),
	(2173,218,3,''),
	(2174,218,4,'Kalimalang Cibuntu Asem'),
	(2175,218,1,'Jawa Timur'),
	(2176,218,2,'41'),
	(2177,218,5,'7/3/1979'),
	(2178,218,6,'0877 8551 6928'),
	(2179,218,7,'driver'),
	(2180,218,8,''),
	(2181,219,9,'P'),
	(2182,219,10,'istri'),
	(2183,219,3,''),
	(2184,219,4,'Kalimalang Cibuntu Asem'),
	(2185,219,1,''),
	(2186,219,2,'2020'),
	(2187,219,5,'//'),
	(2188,219,6,''),
	(2189,219,7,''),
	(2190,219,8,''),
	(2191,220,9,'L'),
	(2192,220,10,'KK'),
	(2193,220,3,'Diploma'),
	(2194,220,4,'Jl. Lingkar Cibuntu '),
	(2195,220,1,'Tegal'),
	(2196,220,2,'41'),
	(2197,220,5,'11/10/1979'),
	(2198,220,6,'088 118 358 05'),
	(2199,220,7,''),
	(2200,220,8,''),
	(2201,221,9,'P'),
	(2202,221,10,'Istri'),
	(2203,221,3,''),
	(2204,221,4,'Jl. Lingkar Cibuntu '),
	(2205,221,1,''),
	(2206,221,2,'2020'),
	(2207,221,5,'//'),
	(2208,221,6,''),
	(2209,221,7,''),
	(2210,221,8,''),
	(2211,222,9,'P'),
	(2212,222,10,'anak'),
	(2213,222,3,''),
	(2214,222,4,'Jl. Lingkar Cibuntu '),
	(2215,222,1,''),
	(2216,222,2,'2020'),
	(2217,222,5,'//'),
	(2218,222,6,''),
	(2219,222,7,''),
	(2220,222,8,''),
	(2221,223,9,'L'),
	(2222,223,10,'anak'),
	(2223,223,3,''),
	(2224,223,4,'Jl. Lingkar Cibuntu '),
	(2225,223,1,''),
	(2226,223,2,'2020'),
	(2227,223,5,'//'),
	(2228,223,6,''),
	(2229,223,7,''),
	(2230,223,8,''),
	(2231,224,9,'L'),
	(2232,224,10,'anak'),
	(2233,224,3,''),
	(2234,224,4,'Jl. Lingkar Cibuntu '),
	(2235,224,1,''),
	(2236,224,2,'2020'),
	(2237,224,5,'//'),
	(2238,224,6,''),
	(2239,224,7,''),
	(2240,224,8,''),
	(2241,225,9,'P'),
	(2242,225,10,'anak'),
	(2243,225,3,''),
	(2244,225,4,'Jl. Lingkar Cibuntu '),
	(2245,225,1,''),
	(2246,225,2,'2020'),
	(2247,225,5,'//'),
	(2248,225,6,''),
	(2249,225,7,''),
	(2250,225,8,''),
	(2251,226,9,'L'),
	(2252,226,10,''),
	(2253,226,3,'SMK'),
	(2254,226,4,'STTD'),
	(2255,226,1,'wonogiri'),
	(2256,226,2,'24'),
	(2257,226,5,'31/12/1996'),
	(2258,226,6,'0822 9738 3034'),
	(2259,226,7,'kary.swasta'),
	(2260,226,8,'ada'),
	(2261,227,9,'L'),
	(2262,227,10,''),
	(2263,227,3,'SMK'),
	(2264,227,4,'komplek, warna warni'),
	(2265,227,1,'Sragen'),
	(2266,227,2,'20'),
	(2267,227,5,'29/3/2000'),
	(2268,227,6,'0857 2692 0871'),
	(2269,227,7,'Kary. Swasta '),
	(2270,227,8,'ada'),
	(2271,228,9,'L'),
	(2272,228,10,''),
	(2273,228,3,'SMK'),
	(2274,228,4,'komplek, dkat pak RT'),
	(2275,228,1,'Purwokerto'),
	(2276,228,2,'25'),
	(2277,228,5,'14/10/1995'),
	(2278,228,6,'0852 1698 4351'),
	(2279,228,7,'Kary. Swasta '),
	(2280,228,8,'ada'),
	(2281,229,9,'L'),
	(2282,229,10,''),
	(2283,229,3,'SMK'),
	(2284,229,4,'komplek, warna warni'),
	(2285,229,1,'Karang Anyar'),
	(2286,229,2,'22'),
	(2287,229,5,'1/2/1998'),
	(2288,229,6,'0895 3166 9302'),
	(2289,229,7,'Kary. Swasta '),
	(2290,229,8,''),
	(2291,230,9,'L'),
	(2292,230,10,''),
	(2293,230,3,'SMK'),
	(2294,230,4,'komplek, warna warni'),
	(2295,230,1,'Sukoharjo'),
	(2296,230,2,'22'),
	(2297,230,5,'14/9/1998'),
	(2298,230,6,'0858 7086 5610'),
	(2299,230,7,'Kary. Swasta '),
	(2300,230,8,''),
	(2301,231,9,'L'),
	(2302,231,10,''),
	(2303,231,3,'MAHASISWA'),
	(2304,231,4,'Komplek.'),
	(2305,231,1,'Bekasi'),
	(2306,231,2,'21'),
	(2307,231,5,'4/2/1999'),
	(2308,231,6,'0877 0341 5542'),
	(2309,231,7,'Kuliah'),
	(2310,231,8,''),
	(2311,232,9,'L'),
	(2312,232,10,''),
	(2313,232,3,'SMK'),
	(2314,232,4,'komplek, warna warni'),
	(2315,232,1,'banjarnegara'),
	(2316,232,2,'20'),
	(2317,232,5,'23/10/2000'),
	(2318,232,6,'0856 0193 2866'),
	(2319,232,7,'kary. Swasta'),
	(2320,232,8,''),
	(2321,233,9,'L'),
	(2322,233,10,''),
	(2323,233,3,''),
	(2324,233,4,''),
	(2325,233,1,''),
	(2326,233,2,'#VALUE!'),
	(2327,233,5,'//-'),
	(2328,233,6,''),
	(2329,233,7,''),
	(2330,233,8,''),
	(2331,234,9,'L'),
	(2332,234,10,''),
	(2333,234,3,''),
	(2334,234,4,''),
	(2335,234,1,''),
	(2336,234,2,'#VALUE!'),
	(2337,234,5,'//-'),
	(2338,234,6,''),
	(2339,234,7,''),
	(2340,234,8,''),
	(2341,235,9,'L'),
	(2342,235,10,''),
	(2343,235,3,'SMK'),
	(2344,235,4,'komplek, warna warni'),
	(2345,235,1,'sragen'),
	(2346,235,2,'21'),
	(2347,235,5,'9/3/1999'),
	(2348,235,6,'0857 0055 8527'),
	(2349,235,7,'kary.swasta'),
	(2350,235,8,''),
	(2351,236,9,'L'),
	(2352,236,10,''),
	(2353,236,3,'SMK'),
	(2354,236,4,''),
	(2355,236,1,''),
	(2356,236,2,'#VALUE!'),
	(2357,236,5,'//-'),
	(2358,236,6,''),
	(2359,236,7,''),
	(2360,236,8,''),
	(2361,237,9,'L'),
	(2362,237,10,''),
	(2363,237,3,'SMK'),
	(2364,237,4,''),
	(2365,237,1,''),
	(2366,237,2,'#VALUE!'),
	(2367,237,5,'//-'),
	(2368,237,6,''),
	(2369,237,7,''),
	(2370,237,8,''),
	(2371,238,9,'L'),
	(2372,238,10,''),
	(2373,238,3,'SMK'),
	(2374,238,4,'komplek'),
	(2375,238,1,'boyolali'),
	(2376,238,2,'20'),
	(2377,238,5,'31/3/2000'),
	(2378,238,6,'0896 7904 3023'),
	(2379,238,7,'kary.swasta'),
	(2380,238,8,''),
	(2381,239,9,'L'),
	(2382,239,10,''),
	(2383,239,3,'SMK'),
	(2384,239,4,'komplek, warna warni'),
	(2385,239,1,'Malang'),
	(2386,239,2,'19'),
	(2387,239,5,'17/9/2001'),
	(2388,239,6,'0858 5059 9046'),
	(2389,239,7,'PKL'),
	(2390,239,8,''),
	(2391,240,9,'L'),
	(2392,240,10,''),
	(2393,240,3,'SMK'),
	(2394,240,4,'jarakosta'),
	(2395,240,1,'sragen'),
	(2396,240,2,'21'),
	(2397,240,5,'1/12/1999'),
	(2398,240,6,'0821 4303 8729'),
	(2399,240,7,'kary.swasta'),
	(2400,240,8,''),
	(2401,241,9,'L'),
	(2402,241,10,''),
	(2403,241,3,'SMK'),
	(2404,241,4,'komplek, warna warni'),
	(2405,241,1,'sragen'),
	(2406,241,2,'20'),
	(2407,241,5,'15/5/2000'),
	(2408,241,6,'0822 2563 4766'),
	(2409,241,7,'kary.swasta'),
	(2410,241,8,''),
	(2411,242,9,'L'),
	(2412,242,10,''),
	(2413,242,3,''),
	(2414,242,4,''),
	(2415,242,1,''),
	(2416,242,2,'#VALUE!'),
	(2417,242,5,'//-'),
	(2418,242,6,''),
	(2419,242,7,''),
	(2420,242,8,''),
	(2421,243,9,'L'),
	(2422,243,10,''),
	(2423,243,3,'SMK'),
	(2424,243,4,''),
	(2425,243,1,''),
	(2426,243,2,'#VALUE!'),
	(2427,243,5,'//-'),
	(2428,243,6,''),
	(2429,243,7,''),
	(2430,243,8,''),
	(2431,244,9,'L'),
	(2432,244,10,''),
	(2433,244,3,'SMK'),
	(2434,244,4,'komplek, warna warni'),
	(2435,244,1,'sragen'),
	(2436,244,2,'20'),
	(2437,244,5,'29/3/2000'),
	(2438,244,6,'0822 4108 3735'),
	(2439,244,7,'kary.swasta'),
	(2440,244,8,''),
	(2441,245,9,'L'),
	(2442,245,10,''),
	(2443,245,3,'SMK'),
	(2444,245,4,'Tambun'),
	(2445,245,1,'Karang Anyar'),
	(2446,245,2,'24'),
	(2447,245,5,'18/1/1996'),
	(2448,245,6,'0877 7878 7905'),
	(2449,245,7,'Kary. Swasta'),
	(2450,245,8,'ada'),
	(2451,246,9,'L'),
	(2452,246,10,''),
	(2453,246,3,'SMK'),
	(2454,246,4,'komplek, warna warni'),
	(2455,246,1,'Gunung Kidul'),
	(2456,246,2,'28'),
	(2457,246,5,'22/4/1992'),
	(2458,246,6,'085216112656'),
	(2459,246,7,'Kary. Swasta'),
	(2460,246,8,'ada'),
	(2461,247,9,'L'),
	(2462,247,10,''),
	(2463,247,3,'SMK'),
	(2464,247,4,'komplek, warna warni'),
	(2465,247,1,'Tuban'),
	(2466,247,2,'21'),
	(2467,247,5,'17/11/1999'),
	(2468,247,6,'0856 4616 7626'),
	(2469,247,7,'Kary. Swasta'),
	(2470,247,8,'ada'),
	(2471,248,9,'L'),
	(2472,248,10,''),
	(2473,248,3,'SMK'),
	(2474,248,4,'jarakosta'),
	(2475,248,1,'Sukoharjo'),
	(2476,248,2,'21'),
	(2477,248,5,'13/2/1999'),
	(2478,248,6,'0857 0267 0734'),
	(2479,248,7,'kary.swasta'),
	(2480,248,8,'ada'),
	(2481,249,9,'L'),
	(2482,249,10,''),
	(2483,249,3,'SMK'),
	(2484,249,4,'komplek, warna warni'),
	(2485,249,1,''),
	(2486,249,2,'#VALUE!'),
	(2487,249,5,'//-'),
	(2488,249,6,'0877 3610 8031'),
	(2489,249,7,'kary.swasta'),
	(2490,249,8,''),
	(2491,250,9,'L'),
	(2492,250,10,''),
	(2493,250,3,'SMK'),
	(2494,250,4,'komplek, warna warni'),
	(2495,250,1,'klaten'),
	(2496,250,2,'22'),
	(2497,250,5,'13/7/1998'),
	(2498,250,6,'0858 6871 4864'),
	(2499,250,7,'kary.swasta'),
	(2500,250,8,''),
	(2501,251,9,'L'),
	(2502,251,10,''),
	(2503,251,3,'SMK'),
	(2504,251,4,'komplek'),
	(2505,251,1,'kebumen'),
	(2506,251,2,'27'),
	(2507,251,5,'20/9/1993'),
	(2508,251,6,'0838 7526 4065'),
	(2509,251,7,'kary.swasta'),
	(2510,251,8,''),
	(2511,252,9,'L'),
	(2512,252,10,''),
	(2513,252,3,'SMK'),
	(2514,252,4,'komplek, warna warni'),
	(2515,252,1,'boyolali'),
	(2516,252,2,'20'),
	(2517,252,5,'8/6/2000'),
	(2518,252,6,'0857 0216 6686'),
	(2519,252,7,'kary.swasta'),
	(2520,252,8,'ada'),
	(2521,253,9,'L'),
	(2522,253,10,''),
	(2523,253,3,'SMK'),
	(2524,253,4,'komplek depan pk Risam'),
	(2525,253,1,'bandung'),
	(2526,253,2,'24'),
	(2527,253,5,'22/7/1996'),
	(2528,253,6,'0822 1318 7503'),
	(2529,253,7,'kary.swasta'),
	(2530,253,8,'ada'),
	(2531,254,9,'L'),
	(2532,254,10,''),
	(2533,254,3,'SMA'),
	(2534,254,4,'komplek '),
	(2535,254,1,'Bekasi'),
	(2536,254,2,'18'),
	(2537,254,5,'15/1/2002'),
	(2538,254,6,'0821 1275 3321'),
	(2539,254,7,'Pelajar'),
	(2540,254,8,''),
	(2541,255,9,'L'),
	(2542,255,10,''),
	(2543,255,3,'SMK'),
	(2544,255,4,'komplek, warna warni'),
	(2545,255,1,'Sukoharjo'),
	(2546,255,2,'21'),
	(2547,255,5,'6/7/1999'),
	(2548,255,6,'0878 1256 3310'),
	(2549,255,7,'kary.swasta'),
	(2550,255,8,''),
	(2551,256,9,'L'),
	(2552,256,10,''),
	(2553,256,3,'SMK'),
	(2554,256,4,'komplek'),
	(2555,256,1,'garut'),
	(2556,256,2,'21'),
	(2557,256,5,'20/4/1999'),
	(2558,256,6,'0895 1597 1597'),
	(2559,256,7,'kary.swasta'),
	(2560,256,8,''),
	(2561,257,9,'L'),
	(2562,257,10,''),
	(2563,257,3,''),
	(2564,257,4,'komplek, warna warni'),
	(2565,257,1,'klaten'),
	(2566,257,2,'23'),
	(2567,257,5,'17/9/1997'),
	(2568,257,6,'0857 8687 3176'),
	(2569,257,7,'kary.swasta'),
	(2570,257,8,''),
	(2571,258,9,'L'),
	(2572,258,10,''),
	(2573,258,3,'SMK'),
	(2574,258,4,'komplek, warna warni'),
	(2575,258,1,'bandung'),
	(2576,258,2,'23'),
	(2577,258,5,'1/3/1997'),
	(2578,258,6,'0813 2042 9343'),
	(2579,258,7,'kary.swasta'),
	(2580,258,8,'ada'),
	(2581,259,9,'L'),
	(2582,259,10,''),
	(2583,259,3,''),
	(2584,259,4,''),
	(2585,259,1,''),
	(2586,259,2,'#VALUE!'),
	(2587,259,5,'//-'),
	(2588,259,6,''),
	(2589,259,7,''),
	(2590,259,8,''),
	(2591,260,9,'L'),
	(2592,260,10,''),
	(2593,260,3,'SMK'),
	(2594,260,4,'komplek, warna warni'),
	(2595,260,1,'sukoharjo'),
	(2596,260,2,'21'),
	(2597,260,5,'1/4/1999'),
	(2598,260,6,'85700078408'),
	(2599,260,7,'kary.swasta'),
	(2600,260,8,''),
	(2601,261,9,'L'),
	(2602,261,10,''),
	(2603,261,3,'SMK'),
	(2604,261,4,''),
	(2605,261,1,'wonogiri'),
	(2606,261,2,'20'),
	(2607,261,5,'8/1/2000'),
	(2608,261,6,'0812 8327 4432'),
	(2609,261,7,'kary.swasta'),
	(2610,261,8,''),
	(2611,262,9,'L'),
	(2612,262,10,''),
	(2613,262,3,'SMK'),
	(2614,262,4,'komplek, warna warni'),
	(2615,262,1,'Sragen'),
	(2616,262,2,'23'),
	(2617,262,5,'22/11/1997'),
	(2618,262,6,'0878 1254 8265'),
	(2619,262,7,'kary.swasta'),
	(2620,262,8,''),
	(2621,263,9,'L'),
	(2622,263,10,''),
	(2623,263,3,'SMK'),
	(2624,263,4,'Jl. Sumatra No. 4'),
	(2625,263,1,'Lampung'),
	(2626,263,2,'23'),
	(2627,263,5,'23/1/1997'),
	(2628,263,6,'0893 2668 7281'),
	(2629,263,7,'kary.swasta'),
	(2630,263,8,''),
	(2631,264,9,'L'),
	(2632,264,10,''),
	(2633,264,3,'SMK'),
	(2634,264,4,''),
	(2635,264,1,'Indramayu'),
	(2636,264,2,'23'),
	(2637,264,5,'23/11/1997'),
	(2638,264,6,'0896 1293 0625'),
	(2639,264,7,'kary.swasta'),
	(2640,264,8,''),
	(2641,265,9,'L'),
	(2642,265,10,''),
	(2643,265,3,'SMK'),
	(2644,265,4,''),
	(2645,265,1,'klaten'),
	(2646,265,2,'22'),
	(2647,265,5,'16/10/1998'),
	(2648,265,6,'0856 4331 5354'),
	(2649,265,7,'kary.swasta'),
	(2650,265,8,''),
	(2651,266,9,'L'),
	(2652,266,10,''),
	(2653,266,3,'D3'),
	(2654,266,4,'Komplek, Kost Pk Arifin'),
	(2655,266,1,'Cirebon'),
	(2656,266,2,'24'),
	(2657,266,5,'15/4/1996'),
	(2658,266,6,'0822 2627 9169'),
	(2659,266,7,'kary.swasta'),
	(2660,266,8,''),
	(2661,267,9,'L'),
	(2662,267,10,''),
	(2663,267,3,'SMK'),
	(2664,267,4,'Jatiwangi'),
	(2665,267,1,'Ngawi'),
	(2666,267,2,'24'),
	(2667,267,5,'31/5/1996'),
	(2668,267,6,'0856 3623 736'),
	(2669,267,7,'kary.swasta'),
	(2670,267,8,'ada'),
	(2671,268,9,'P'),
	(2672,268,10,''),
	(2673,268,3,''),
	(2674,268,4,''),
	(2675,268,1,''),
	(2676,268,2,'#VALUE!'),
	(2677,268,5,'//-'),
	(2678,268,6,'0881 1979 392'),
	(2679,268,7,'kary.swasta'),
	(2680,268,8,''),
	(2681,269,9,'P'),
	(2682,269,10,''),
	(2683,269,3,'SMK'),
	(2684,269,4,''),
	(2685,269,1,'wonogiri'),
	(2686,269,2,'24'),
	(2687,269,5,'17/1/1996'),
	(2688,269,6,'0838 6651 2690'),
	(2689,269,7,'kary.swasta'),
	(2690,269,8,''),
	(2691,270,9,'P'),
	(2692,270,10,''),
	(2693,270,3,''),
	(2694,270,4,''),
	(2695,270,1,''),
	(2696,270,2,'#VALUE!'),
	(2697,270,5,'//-'),
	(2698,270,6,''),
	(2699,270,7,''),
	(2700,270,8,''),
	(2701,271,9,'P'),
	(2702,271,10,''),
	(2703,271,3,'SMK'),
	(2704,271,4,''),
	(2705,271,1,'blora'),
	(2706,271,2,'24'),
	(2707,271,5,'17/6/1996'),
	(2708,271,6,'0822 3328 9080'),
	(2709,271,7,'kary.swasta'),
	(2710,271,8,''),
	(2711,272,9,''),
	(2712,272,10,''),
	(2713,272,3,''),
	(2714,272,4,''),
	(2715,272,1,''),
	(2716,272,2,''),
	(2717,272,5,''),
	(2718,272,6,''),
	(2719,272,7,''),
	(2720,272,8,''),
	(2721,273,9,'P'),
	(2722,273,10,''),
	(2723,273,3,''),
	(2724,273,4,''),
	(2725,273,1,''),
	(2726,273,2,'#VALUE!'),
	(2727,273,5,'//-'),
	(2728,273,6,''),
	(2729,273,7,''),
	(2730,273,8,''),
	(2731,274,9,'P'),
	(2732,274,10,''),
	(2733,274,3,'SMK'),
	(2734,274,4,''),
	(2735,274,1,'jakarta'),
	(2736,274,2,'22'),
	(2737,274,5,'29/1/1998'),
	(2738,274,6,'0821 2595 1438'),
	(2739,274,7,'kary.swasta'),
	(2740,274,8,''),
	(2741,275,9,'P'),
	(2742,275,10,''),
	(2743,275,3,''),
	(2744,275,4,''),
	(2745,275,1,''),
	(2746,275,2,'#VALUE!'),
	(2747,275,5,'//-'),
	(2748,275,6,''),
	(2749,275,7,''),
	(2750,275,8,''),
	(2751,276,9,'P'),
	(2752,276,10,''),
	(2753,276,3,'SMA'),
	(2754,276,4,''),
	(2755,276,1,'jakarta'),
	(2756,276,2,'20'),
	(2757,276,5,'7/1/2000'),
	(2758,276,6,'0857 7746 7047'),
	(2759,276,7,'kary.swasta'),
	(2760,276,8,''),
	(2761,277,9,'P'),
	(2762,277,10,''),
	(2763,277,3,'SMK'),
	(2764,277,4,''),
	(2765,277,1,'blora'),
	(2766,277,2,'25'),
	(2767,277,5,'8/9/1995'),
	(2768,277,6,'0812 1036 6039'),
	(2769,277,7,'kary.swasta'),
	(2770,277,8,''),
	(2771,278,9,'P'),
	(2772,278,10,''),
	(2773,278,3,'S1'),
	(2774,278,4,'Depan PMI cibitung'),
	(2775,278,1,'Kulon Progo'),
	(2776,278,2,'24'),
	(2777,278,5,'11/2/1996'),
	(2778,278,6,'0857 4119 6491'),
	(2779,278,7,'kary.swasta'),
	(2780,278,8,''),
	(2781,279,9,'L'),
	(2782,279,10,'test3'),
	(2783,279,3,'S3'),
	(2784,279,4,'test'),
	(2785,279,1,'test'),
	(2786,279,2,'test'),
	(2787,279,5,'tset'),
	(2788,279,6,'test'),
	(2789,279,7,'ADA'),
	(2790,279,8,'test'),
	(2791,280,9,'L'),
	(2792,280,10,'test'),
	(2793,280,3,'S3'),
	(2794,280,4,'test'),
	(2795,280,1,'test'),
	(2796,280,2,'test'),
	(2797,280,5,'tset'),
	(2798,280,6,'test'),
	(2799,280,7,'ADA'),
	(2800,280,8,'test'),
	(2801,281,9,'L'),
	(2802,281,10,'test'),
	(2803,281,3,'S3'),
	(2804,281,4,'test'),
	(2805,281,1,'test'),
	(2806,281,2,'test'),
	(2807,281,5,'tset'),
	(2808,281,6,'test'),
	(2809,281,7,'ADA'),
	(2810,281,8,'test'),
	(2811,282,9,'L'),
	(2812,282,10,'test'),
	(2813,282,3,'S3'),
	(2814,282,4,'test'),
	(2815,282,1,'test'),
	(2816,282,2,'test'),
	(2817,282,5,'tset'),
	(2818,282,6,'test'),
	(2819,282,7,'ADA'),
	(2820,282,8,'test'),
	(2821,283,9,'L'),
	(2822,283,10,'test'),
	(2823,283,3,'SMP'),
	(2824,283,4,'test'),
	(2825,283,1,'test'),
	(2826,283,2,'test'),
	(2827,283,5,'test'),
	(2828,283,6,'test'),
	(2829,283,7,'TIDAK ADA'),
	(2830,283,8,''),
	(2831,284,9,'P'),
	(2832,284,10,'test'),
	(2833,284,3,'SD'),
	(2834,284,4,'test'),
	(2835,284,1,''),
	(2836,284,2,''),
	(2837,284,5,''),
	(2838,284,6,''),
	(2839,284,7,'ADA'),
	(2840,284,8,''),
	(2841,285,9,'P'),
	(2842,285,10,'test'),
	(2843,285,3,'S1'),
	(2844,285,4,''),
	(2845,285,1,''),
	(2846,285,2,''),
	(2847,285,5,''),
	(2848,285,6,''),
	(2849,285,7,'ADA'),
	(2850,285,8,''),
	(2851,286,9,'P'),
	(2852,286,10,''),
	(2853,286,3,'SMA'),
	(2854,286,4,''),
	(2855,286,1,''),
	(2856,286,2,''),
	(2857,286,5,''),
	(2858,286,6,''),
	(2859,286,7,'TIDAK ADA'),
	(2860,286,8,''),
	(2861,287,9,'L'),
	(2862,287,10,''),
	(2863,287,3,'SMA'),
	(2864,287,4,''),
	(2865,287,1,''),
	(2866,287,2,''),
	(2867,287,5,''),
	(2868,287,6,''),
	(2869,287,7,'ADA'),
	(2870,287,8,''),
	(2871,288,9,''),
	(2872,288,10,''),
	(2873,288,3,''),
	(2874,288,4,''),
	(2875,288,1,''),
	(2876,288,2,''),
	(2877,288,5,''),
	(2878,289,9,''),
	(2879,289,10,''),
	(2880,289,3,''),
	(2881,289,4,''),
	(2882,289,1,''),
	(2883,289,2,''),
	(2884,289,5,''),
	(2885,290,9,''),
	(2886,290,10,''),
	(2887,290,3,''),
	(2888,290,4,''),
	(2889,290,1,''),
	(2890,290,2,''),
	(2891,290,5,''),
	(2892,291,9,''),
	(2893,291,10,''),
	(2894,291,3,''),
	(2895,291,4,''),
	(2896,291,1,''),
	(2897,291,2,''),
	(2898,291,5,''),
	(2899,292,9,''),
	(2900,292,10,''),
	(2901,292,3,''),
	(2902,292,4,''),
	(2903,292,1,''),
	(2904,292,2,''),
	(2905,292,5,''),
	(2906,293,9,'P'),
	(2907,293,10,''),
	(2908,293,3,'SMA'),
	(2909,293,4,''),
	(2910,293,1,''),
	(2911,293,2,''),
	(2912,293,5,''),
	(2913,293,6,''),
	(2914,293,7,'TIDAK ADA'),
	(2915,293,8,''),
	(2916,294,9,''),
	(2917,294,10,''),
	(2918,294,3,''),
	(2919,294,4,''),
	(2920,294,1,''),
	(2921,294,2,''),
	(2922,294,5,''),
	(2923,294,6,''),
	(2924,294,7,''),
	(2925,294,8,''),
	(2926,295,9,'P'),
	(2927,295,10,''),
	(2928,295,3,'S1'),
	(2929,295,4,'Depan PMI Cibitung'),
	(2930,295,1,'Kulon Progo'),
	(2931,295,2,'11/2/1996'),
	(2932,295,5,'0857 4119 6491'),
	(2933,295,6,'Kary. Swasta'),
	(2934,295,7,''),
	(2935,295,8,''),
	(2936,296,9,'P'),
	(2937,296,10,''),
	(2938,296,3,'S1'),
	(2939,296,4,'Depan PMI Cibitung'),
	(2940,296,1,'Kulon Progo'),
	(2941,296,2,'11/2/1996'),
	(2942,296,5,'0857 4119 6491'),
	(2943,296,6,'Kary. Swasta'),
	(2944,296,7,''),
	(2945,296,8,'');

/*!40000 ALTER TABLE `member_meta_value` ENABLE KEYS */;
UNLOCK TABLES;



/*!40111 SET SQL_NOTES=@OLD_SQL_NOTES */;
/*!40101 SET SQL_MODE=@OLD_SQL_MODE */;
/*!40014 SET FOREIGN_KEY_CHECKS=@OLD_FOREIGN_KEY_CHECKS */;
/*!40101 SET CHARACTER_SET_CLIENT=@OLD_CHARACTER_SET_CLIENT */;
/*!40101 SET CHARACTER_SET_RESULTS=@OLD_CHARACTER_SET_RESULTS */;
/*!40101 SET COLLATION_CONNECTION=@OLD_COLLATION_CONNECTION */;
